Average X, Average Y, Average Z, Number of Peaks X, Number of Peaks Y, Number of Peaks Z, Average Slope X, Average Slope Y, Average Slope Z, Average XY, Average XZ, Average YZ , Activity
-516,835.2,364,3,5,3,47.0915115,1.984709307,25.92038157,-1351.2,-880,471.2,Inactive
-530.4,837.6,360.8,5,4,3,-66.23599149,-19.97784065,-56.62489332,-1368,-891.2,476.8,Inactive
1.6,836,4,1,4,8,1857.050697,-427.6105619,-1190.293413,-834.4,-2.4,832,Raise Arm
764,309.6,-450.4,5,4,5,330.0372717,138.5954197,-178.0014933,454.4,1214.4,760,Brush Teeth
770.4,53.6,-561.6,4,5,4,-343.752404,270.6742032,-962.2954345,716.8,1332,615.2,Brush Teeth
783.2,217.6,-549.6,5,5,4,54.35605119,-788.8899803,-182.2343285,565.6,1332.8,767.2,Brush Teeth
720.8,24.8,-648,3,5,5,184.7329329,387.0387106,548.5935908,696,1368.8,672.8,Brush Teeth
743.2,-43.2,-664,4,3,3,182.6954659,496.3318587,810.8582571,786.4,1407.2,620.8,Brush Teeth
699.2,312,-643.2,5,5,4,53.31717458,-91.89500262,-0.806086028,387.2,1342.4,955.2,Brush Teeth
729.6,132,-648,6,4,5,-185.4056652,-66.3148613,-320.2048678,597.6,1377.6,780,Brush Teeth
691.2,116,-661.6,5,4,4,-336.8591127,76.95028081,-446.8952015,575.2,1352.8,777.6,Brush Teeth
700.8,-15.2,-670.4,4,5,6,-327.6165255,-291.0976425,-416.8913268,716,1371.2,655.2,Brush Teeth
712,276.8,-626.4,5,3,3,-135.0341703,629.181848,468.3607381,435.2,1338.4,903.2,Brush Teeth
716,325.6,-617.6,5,5,4,-422.660958,-880.3407764,-715.1979919,390.4,1333.6,943.2,Brush Teeth
686.4,187.2,-694.4,5,4,5,53.08636874,-272.6463176,-207.0610689,499.2,1380.8,881.6,Brush Teeth
723.2,111.2,-651.2,3,4,5,96.29433559,692.7053736,576.4872805,612,1374.4,762.4,Brush Teeth
752,354.4,-510.4,4,5,4,112.4498542,131.9563854,-382.0948077,397.6,1262.4,864.8,Brush Teeth
729.6,292,-598.4,5,4,5,251.2815163,263.2345333,153.0596985,437.6,1328,890.4,Brush Teeth
724.8,-252.8,-594.4,4,5,5,288.2565148,-503.0742941,-56.86636569,977.6,1319.2,341.6,Brush Teeth
764,-162.4,-556.8,5,3,5,-235.4157958,-408.8835096,-749.3462994,926.4,1320.8,394.4,Brush Teeth
638.4,-91.2,-782.4,5,6,4,26.56849385,-293.0342215,-171.1292341,729.6,1420.8,691.2,Brush Teeth
746.4,-125.6,-664,5,4,5,229.9444792,-141.1254528,588.1866264,872,1410.4,538.4,Brush Teeth
725.6,178.4,-531.2,3,4,4,117.5818927,592.9798505,297.2101533,547.2,1256.8,709.6,Brush Teeth
671.2,124.8,-696.8,5,4,4,-149.4075628,-423.6238646,-130.9975851,546.4,1368,821.6,Brush Teeth
652,-64.8,-711.2,5,4,5,-108.2072641,-611.394371,200.2842647,716.8,1363.2,646.4,Brush Teeth
692.8,-14.4,-633.6,5,6,4,-408.6560345,117.9065277,-217.9261749,707.2,1326.4,619.2,Brush Teeth
780,77.6,-641.6,5,4,5,34.49290727,89.34344559,-505.8249105,702.4,1421.6,719.2,Brush Teeth
712,123.2,-695.2,5,5,6,-472.3878211,279.4284515,-429.1615503,588.8,1407.2,818.4,Brush Teeth
632,-8,-708.8,4,6,4,-143.800479,-1665.527847,-186.3540117,640,1340.8,700.8,Brush Teeth
704.8,-143.2,-693.6,4,5,5,-390.6142009,-206.6905137,97.94297864,848,1398.4,550.4,Brush Teeth
720.8,157.6,-672,5,6,4,-67.15588116,374.4084212,-616.0522225,563.2,1392.8,829.6,Brush Teeth
702.4,53.6,-670.4,3,4,4,115.7949273,133.2853799,-219.6441498,648.8,1372.8,724,Brush Teeth
528,200.8,-421.6,6,4,3,-857.9069044,4.688320855,319.2116726,327.2,949.6,622.4,Lower Arm
-426.4,920.8,460.8,6,5,4,-496.3741975,-118.0360509,149.5033428,-1347.2,-887.2,460,Inactive
-456,872,624,1,0,0,-60.31744936,115.3438944,82.53966755,-1328,-1080,248,Inactive
-579.2,772.8,385.6,5,5,2,-43.35590241,26.58388749,59.81501668,-1352,-964.8,387.2,Inactive
-232,848.8,197.6,2,3,5,1778.416173,-525.4025206,-879.5818138,-1080.8,-429.6,651.2,Brush Teeth
788,244.8,-513.6,4,5,4,54.28473961,-631.9557993,108.6990501,543.2,1301.6,758.4,Brush Teeth
780,146.4,-576.8,4,5,5,-578.3105621,0.001384341,-1081.651065,633.6,1356.8,723.2,Brush Teeth
857.6,170.4,-548,4,5,6,-627.4869759,-892.4637995,-1464.406181,687.2,1405.6,718.4,Brush Teeth
792.8,0.8,-528,3,4,5,379.7467292,46.80874334,272.1748796,792,1320.8,528.8,Brush Teeth
758.4,178.4,-565.6,4,4,3,104.8025224,420.7321598,572.963704,580,1324,744,Brush Teeth
768.8,277.6,-535.2,5,4,3,529.2131829,-29.17192073,522.0052861,491.2,1304,812.8,Brush Teeth
795.2,38.4,-589.6,5,3,3,524.7679251,74.96676734,471.2203967,756.8,1384.8,628,Brush Teeth
772.8,257.6,-488,6,4,4,-180.657742,320.267079,-288.3853814,515.2,1260.8,745.6,Brush Teeth
856,292.8,-359.2,5,6,4,-291.8328109,-646.5846584,-1350.730887,563.2,1215.2,652,Brush Teeth
855.2,-123.2,-465.6,4,3,5,195.7582013,658.4727854,302.7624995,978.4,1320.8,342.4,Brush Teeth
797.6,151.2,-529.6,4,3,5,-117.8059221,524.7641105,286.4769898,646.4,1327.2,680.8,Brush Teeth
822.4,343.2,-306.4,5,5,5,-58.91411699,79.51855272,982.5868552,479.2,1128.8,649.6,Brush Teeth
836.8,300.8,-364.8,3,4,2,-21.41791617,53.55042008,1028.111474,536,1201.6,665.6,Brush Teeth
859.2,212.8,-475.2,4,5,4,22.05623037,-265.9532705,183.5920571,646.4,1334.4,688,Brush Teeth
868,105.6,-463.2,4,4,4,171.0422616,532.6504305,582.8764836,762.4,1331.2,568.8,Brush Teeth
863.2,165.6,-458.4,6,4,4,-74.96735184,182.0605627,-149.9339961,697.6,1321.6,624,Brush Teeth
875.2,148,-404.8,4,5,3,-64.31169332,-104.6972364,-407.5107023,727.2,1280,552.8,Brush Teeth
881.6,61.6,-485.6,5,5,5,195.4493699,602.9211875,368.4580471,820,1367.2,547.2,Brush Teeth
896.8,89.6,-380.8,4,4,5,25.40837278,749.0491859,-32.18240413,807.2,1277.6,470.4,Brush Teeth
855.2,144.8,-436,5,4,5,-36.28772611,488.4253761,173.4671251,710.4,1291.2,580.8,Brush Teeth
813.6,392.8,-307.2,4,4,3,276.1487584,-93.17303656,245.0547949,420.8,1120.8,700,Brush Teeth
804.8,126.4,-542.4,4,6,4,75.34026538,-443.1602395,-177.9673424,678.4,1347.2,668.8,Brush Teeth
749.6,134.4,-608.8,5,5,3,286.60807,517.119155,877.0336799,615.2,1358.4,743.2,Brush Teeth
744.8,154.4,-652.8,5,5,5,85.67480253,-321.2858469,267.7351499,590.4,1397.6,807.2,Brush Teeth
729.6,90.4,-661.6,5,5,5,-96.38603709,-621.1524548,-492.6382514,639.2,1391.2,752,Brush Teeth
758,90,-679,3,2,4,51.81755234,-110.6885451,-83.66060176,668,1437,769,Brush Teeth
-947.2,529.6,217.6,4,4,5,190.8330662,803.0383779,900.5612405,-1476.8,-1164.8,312,Raise Arm
288,627.2,-62.4,1,5,8,1710.11068,-1392.204674,-1530.445544,-339.2,350.4,689.6,Scratch Chin
800,460.8,-364,4,4,5,-9.296962088,7.737055167,-70.784126,339.2,1164,824.8,Scratch Chin
822.4,464,-127.2,5,3,5,-69.14645587,158.4095618,505.22543,358.4,949.6,591.2,Scratch Chin
-509.6,500.8,32,7,4,5,-2328.807325,-86.69692355,-20.01712578,-1010.4,-541.6,468.8,Scratch Chin
-944,328,136,1,0,0,-140.2258048,48.7225254,20.20202273,-1272,-1080,192,Scratch Chin
-817.6,236,-11.2,6,4,3,-1357.16898,406.1214409,843.4003808,-1053.6,-806.4,247.2,Inactive
-142.4,566.4,24,0,5,7,3086.217243,-598.9734458,-1491.977359,-708.8,-166.4,542.4,Raise Arm
855.2,404.8,-209.6,4,4,4,10.70963488,74.96664428,7.38E-04,450.4,1064.8,614.4,Scratch Chin
851.2,418.4,-116,6,4,3,-32.00108109,-170.2048536,162.6820704,432.8,967.2,534.4,Scratch Chin
867.2,456,35.2,4,3,5,-129.5103037,-148.6879389,-767.4733192,411.2,832,420.8,Scratch Chin
788,468,-112,0,0,1,218.9496644,126.1340502,254.6476554,320,900,580,Scratch Chin
-490.4,763.2,-274.4,3,4,1,506.1746018,624.2445513,781.0378395,-1253.6,-216,1037.6,Drawing
-413.6,914.4,-197.6,4,4,5,-120.0710157,-169.3801798,-168.933625,-1328,-216,1112,Drawing
-447.2,909.6,-136.8,5,4,4,-74.71124332,64.25802459,252.4417104,-1356.8,-310.4,1046.4,Drawing
-456.8,900,-239.2,4,4,5,-10.70914266,32.12893539,246.3185873,-1356.8,-217.6,1139.2,Drawing
-443.2,926.4,-204.8,4,5,5,-1.533046639,-65.43144039,-309.161304,-1369.6,-238.4,1131.2,Drawing
-430.4,931.2,-233.6,5,4,4,-52.02019713,-127.0042657,-205.0234497,-1361.6,-196.8,1164.8,Drawing
-368.8,947.2,-64,5,3,5,8.248229782,86.16817256,-24.17143149,-1316,-304.8,1011.2,Drawing
-342.4,972.8,12,4,4,4,55.07774123,-51.76234664,175.9409725,-1315.2,-354.4,960.8,Drawing
-358.4,961.6,-32,4,5,4,102.9401932,-97.44511589,197.5611648,-1320,-326.4,993.6,Drawing
-351.2,966.4,64,5,5,5,52.72973322,5.527721469,-57.47457236,-1317.6,-415.2,902.4,Drawing
-334.4,981.6,58.4,5,3,5,26.48401077,155.6069717,-208.910939,-1316,-392.8,923.2,Drawing
-366.4,992.8,119.2,4,5,4,-81.65984595,-41.49939004,77.64309742,-1359.2,-485.6,873.6,Drawing
-508,770,-282,4,3,4,-418.1932768,-202.1310544,-592.5491556,-1278,-226,1052,Drawing
-335.2,880,-419.2,4,5,5,-7.591110196,-145.4449253,-402.885781,-1215.2,84,1299.2,Drawing
-344,879.2,-420,3,4,3,-39.40728809,-43.13317485,44.18908172,-1223.2,76,1299.2,Drawing
-332,871.2,-440.8,3,4,4,16.49801253,213.6475128,597.2249285,-1203.2,108.8,1312,Drawing
-347.2,859.2,-448,4,5,5,53.54725148,-74.9667981,-64.25790154,-1206.4,100.8,1307.2,Drawing
-330.4,896.8,-376,4,4,5,-20.91207283,-119.7394961,-292.6564454,-1227.2,45.6,1272.8,Drawing
-314.4,883.2,-380.8,5,5,4,-32.37464965,120.7926664,-28.48559193,-1197.6,66.4,1264,Drawing
-338.4,884.8,-448.8,3,4,4,-21.14753878,-65.47374956,153.0291126,-1223.2,110.4,1333.6,Drawing
-328.8,893.6,-385.6,4,5,5,-45.76560512,53.04325069,0.650345875,-1222.4,56.8,1279.2,Drawing
-354.4,894.4,-382.4,5,6,4,-21.81391574,-202.8553049,-158.471121,-1248.8,28,1276.8,Drawing
-340,875.2,-428.8,5,5,4,38.47938318,-134.7483067,-71.83772599,-1215.2,88.8,1304,Drawing
-339.2,911.2,-401.6,5,4,5,-54.95635356,69.77024571,132.8572032,-1250.4,62.4,1312.8,Drawing
-353.6,929.6,-364.8,3,2,2,-19.0390687,241.5587116,556.8944063,-1283.2,11.2,1294.4,Drawing
-421.6,859.2,-425.6,5,2,4,-37.29306167,-1.369781232,65.21928515,-1280.8,4,1284.8,Drawing
-408.8,804,-497.6,4,4,6,-6.650895466,-129.5303318,-352.2482421,-1212.8,88.8,1301.6,Drawing
-428.8,792,-504.8,5,4,4,85.67618687,-117.8039225,-331.9943128,-1220.8,76,1296.8,Drawing
-397.6,744,-511.2,5,5,4,48.66319583,21.92896052,508.9342083,-1141.6,113.6,1255.2,Drawing
-425.6,823.2,-531.2,3,4,4,73.52440424,209.8826005,365.8683398,-1248.8,105.6,1354.4,Drawing
-401.6,800,-525.6,4,4,5,-54.66182694,-46.93489678,-77.62945448,-1201.6,124,1325.6,Drawing
-402.4,781.6,-560.8,5,3,6,16.06439848,-32.12801249,-369.4780425,-1184,158.4,1342.4,Drawing
-406.4,794.4,-548,3,4,4,142.7200506,117.9725748,24.1289988,-1200.8,141.6,1342.4,Drawing
-380,781.6,-536,5,4,4,27.9215392,-71.26787355,134.5089347,-1161.6,156,1317.6,Drawing
-320.8,902.4,-326.4,3,6,3,60.7721176,94.45618523,232.0941903,-1223.2,5.6,1228.8,Drawing
-292,938.4,-328.8,4,6,4,77.09981504,-67.57072525,487.9832013,-1230.4,36.8,1267.2,Drawing
-291.2,927.2,-245.6,5,4,4,-53.54749759,149.9327656,-235.6093216,-1218.4,-45.6,1172.8,Drawing
-288,959.2,-250.4,4,5,5,-84.1538366,84.84215309,1.362564175,-1247.2,-37.6,1209.6,Drawing
-285.6,948,-252.8,4,4,4,-16.46239589,82.1866156,120.1053218,-1233.6,-32.8,1200.8,Drawing
-276.8,964,-197.6,5,4,4,10.70917343,-21.41871601,246.3165262,-1240.8,-79.2,1161.6,Drawing
-285.6,976.8,-233.6,3,5,4,64.25719399,-139.2247612,192.7739507,-1262.4,-52,1210.4,Drawing
-453.6,641.6,-448,5,6,5,359.4627825,-10.762915,249.0643128,-1095.2,-5.6,1089.6,Drawing
-616,370.6666667,-874.6666667,3,0,1,-341.5143991,378.4027283,443.2548264,-986.6666667,258.6666667,1245.333333,Drawing
-300.8,693.6,-366.4,5,2,4,-1670.325172,290.0531633,-260.3301197,-994.4,65.6,1060,Drawing
-390.4,932.8,-159.2,4,4,5,119.1079417,196.6530106,173.1316856,-1323.2,-231.2,1092,Drawing
-409.6,880.8,-293.6,5,4,5,28.95485156,-16.36598975,8.25204269,-1290.4,-116,1174.4,Drawing
-418.4,895.2,-235.2,5,5,4,73.3708371,21.19901593,68.75169038,-1313.6,-183.2,1130.4,Drawing
-413.6,889.6,-285.6,5,5,4,-8.323258749,46.73681653,121.0486293,-1303.2,-128,1175.2,Drawing
-356,920,0,1,0,0,-22.99692692,201.0746334,56.78535669,-1276,-356,920,Drawing
-825.6,398.4,-494.4,3,5,5,-107.7267011,-534.4373388,195.8759511,-1224,-331.2,892.8,Brush Teeth
-886.4,166.4,-482.4,5,2,6,138.2725352,58.73694285,-352.9065803,-1052.8,-404,648.8,Brush Teeth
-906.4,158.4,-482.4,3,5,4,150.9140772,-90.53462635,-266.8730402,-1064.8,-424,640.8,Brush Teeth
-896,46.4,-423.2,3,5,4,-69.53511459,-113.9149009,150.7212422,-942.4,-472.8,469.6,Brush Teeth
-856,249.6,-378.4,5,3,4,249.7538084,330.9415443,144.0155118,-1105.6,-477.6,628,Brush Teeth
-725.6,802.4,-17.6,3,4,5,189.0737473,-66.29718536,-77.13353491,-1528,-708,820,Brush Teeth
-672,856,-22.4,5,4,6,321.3529456,145.515597,-143.741649,-1528,-649.6,878.4,Brush Teeth
-296.8,883.2,-359.2,4,4,7,41.3292101,67.3592049,-318.7307743,-1180,62.4,1242.4,Brush Teeth
-269.6,899.2,-422.4,4,5,6,-96.13066688,0.127392852,0.637456471,-1168.8,152.8,1321.6,Brush Teeth
-303.2,901.6,-373.6,5,6,2,23.20674022,55.11502922,203.3909187,-1204.8,70.4,1275.2,Brush Teeth
-292.8,929.6,-350.4,2,3,3,102.5512535,20.44522547,35.69718417,-1222.4,57.6,1280,Brush Teeth
334.4,459.2,-770.4,2,5,4,545.0677739,-226.1684595,56.25018302,-124.8,1104.8,1229.6,Brush Teeth
480.8,221.6,-894.4,6,6,4,-609.1430046,-733.6948774,-299.1271304,259.2,1375.2,1116,Brush Teeth
504,45.6,-893.6,4,3,6,1460.539353,736.4717716,-401.6223057,458.4,1397.6,939.2,Brush Teeth
542.4,137.6,-791.2,4,3,4,996.3795113,1434.482072,-607.7741037,404.8,1333.6,928.8,Brush Teeth
569.6,292.8,-673.6,5,5,5,-270.6036481,-933.2843273,762.9229184,276.8,1243.2,966.4,Brush Teeth
692,362,-942,1,1,2,639.5992233,1308.067277,-650.6511487,330,1634,1304,Brush Teeth
477.6,35.2,-895.2,4,3,5,836.3391138,789.0456211,-191.9950843,442.4,1372.8,930.4,Brush Teeth
536.8,279.2,-705.6,3,4,4,987.5344413,1866.358674,-311.9546749,257.6,1242.4,984.8,Brush Teeth
523.2,702.4,-404,4,5,5,214.5740433,1078.730285,-55.71398478,-179.2,927.2,1106.4,Brush Teeth
388,741.6,-384,5,4,4,203.479894,1392.23303,460.5075625,-353.6,772,1125.6,Brush Teeth
421.6,729.6,-396.8,6,5,6,-224.9005789,-1231.599981,-953.1493209,-308,818.4,1126.4,Brush Teeth
338.4,964.8,-92.8,5,4,4,-34.62479482,61.83906864,-356.6731753,-626.4,431.2,1057.6,Brush Teeth
444.8,938.4,-2.4,3,4,3,317.8428448,1722.956827,537.8969856,-493.6,447.2,940.8,Brush Teeth
414.4,744,-312,5,6,5,-177.4008269,-478.4958365,-789.3926422,-329.6,726.4,1056,Brush Teeth
397.6,780,-424,5,5,5,-278.6796957,-814.8382205,-603.3759757,-382.4,821.6,1204,Brush Teeth
525.6,100,-786.4,5,5,5,-255.5479935,1140.648216,-373.5987584,425.6,1312,886.4,Brush Teeth
498.4,644.8,-492,5,5,3,-750.9374389,-1133.825787,-343.7002293,-146.4,990.4,1136.8,Brush Teeth
511.2,700.8,-492,4,4,4,-348.1142924,-726.9243018,-859.4791221,-189.6,1003.2,1192.8,Brush Teeth
480.8,568.8,-588,4,4,3,332.7643941,499.8702928,289.7713714,-88,1068.8,1156.8,Brush Teeth
542.4,668.8,-480,5,5,5,-517.0032629,-987.5566521,-1084.956327,-126.4,1022.4,1148.8,Brush Teeth
508,332.8,-718.4,5,5,6,132.8514577,-242.2358418,-220.0528918,175.2,1226.4,1051.2,Brush Teeth
476.8,462.4,-611.2,4,3,3,-291.8445705,513.199076,328.1677635,14.4,1088,1073.6,Brush Teeth
528,740,-372,5,6,4,-397.938336,-1215.012239,-308.5754967,-212,900,1112,Brush Teeth
440,809.6,-454.4,5,5,5,-93.19748088,-1202.646222,-756.2893896,-369.6,894.4,1264,Brush Teeth
366.4,658.4,-647.2,4,4,3,114.878311,1189.885588,877.2248749,-292,1013.6,1305.6,Brush Teeth
372.8,649.6,-597.6,5,4,5,-158.0461868,-307.1870229,-546.7258414,-276.8,970.4,1247.2,Brush Teeth
374.4,672.8,-604.8,6,5,6,-149.9335962,-781.7915944,-706.8295645,-298.4,979.2,1277.6,Brush Teeth
420.8,817.6,-319.2,4,6,5,-25.12564151,-1534.950018,-456.0638366,-396.8,740,1136.8,Brush Teeth
437.6,324,-593.6,7,5,4,-887.4911512,257.9208502,569.4088879,113.6,1031.2,917.6,Brush Teeth
-541.6,679.2,-865.6,4,4,5,-482.8214996,-72.54370211,-452.3487234,-1220.8,324,1544.8,Brush Teeth
341.6,562.4,-580,3,5,4,934.8128641,-169.20634,-443.8433281,-220.8,921.6,1142.4,Brush Teeth
465.6,568,-601.6,4,4,4,363.7316096,236.004328,154.5196081,-102.4,1067.2,1169.6,Brush Teeth
477.6,612.8,-603.2,5,5,3,-865.1780938,-929.3085102,-736.0251727,-135.2,1080.8,1216,Brush Teeth
460.8,712.8,-503.2,4,4,6,52.22976637,143.4875282,-443.3233113,-252,964,1216,Brush Teeth
512.8,700.8,-530.4,4,4,4,160.4011571,1.790342798,81.40362141,-188,1043.2,1231.2,Brush Teeth
553.6,352,-738.4,5,4,4,178.2371744,15.935132,45.76884548,201.6,1292,1090.4,Brush Teeth
520,553.6,-588.8,6,6,6,-517.7517909,-1197.293803,-845.9203715,-33.6,1108.8,1142.4,Brush Teeth
568,692.8,-346.4,4,3,3,-209.9840536,-372.795781,139.2207012,-124.8,914.4,1039.2,Brush Teeth
570.4,764,-174.4,5,5,5,-374.4499985,-944.6578908,-436.6832758,-193.6,744.8,938.4,Brush Teeth
534.4,736,-219.2,4,5,5,-155.6006851,-350.637126,-863.3545402,-201.6,753.6,955.2,Brush Teeth
545.6,822.4,-68,4,5,5,-302.1708964,-1074.339753,-1981.802312,-276.8,613.6,890.4,Brush Teeth
516,771.2,-104,4,4,6,-261.5725483,-331.4814826,-1378.399105,-255.2,620,875.2,Brush Teeth
498.4,777.6,-337.6,5,5,5,-1087.143278,-1668.64384,-3136.86612,-279.2,836,1115.2,Brush Teeth
484,790.4,-439.2,4,4,6,-76.24026082,-346.4000632,-1731.496781,-306.4,923.2,1229.6,Brush Teeth
352,402.4,-899.2,5,4,6,267.2355628,14.3087191,-534.5592155,-50.4,1251.2,1301.6,Brush Teeth
482.4,742.4,-442.4,4,4,4,1382.644959,1535.008508,36.26269248,-260,924.8,1184.8,Brush Teeth
521.6,746.4,-230.4,3,4,3,577.173987,823.5671884,265.9824005,-224.8,752,976.8,Brush Teeth
596,824,-99.2,6,4,3,-424.5247551,-917.4626458,-133.2283009,-228,695.2,923.2,Brush Teeth
591.2,789.6,-90.4,6,6,4,-589.1306316,-813.9656853,-329.2907715,-198.4,681.6,880,Brush Teeth
592.8,921.6,-201.6,5,5,4,160.6423082,-829.9845744,-851.4017062,-328.8,794.4,1123.2,Brush Teeth
447.2,585.6,-597.6,5,4,3,-59.29588281,445.0516152,307.7403175,-138.4,1044.8,1183.2,Brush Teeth
380,688.8,-412.8,6,4,3,-131.3619275,-306.6620745,612.3414821,-308.8,792.8,1101.6,Brush Teeth
456,990.4,-7.2,4,4,4,174.9234867,17.21364442,574.2387192,-534.4,463.2,997.6,Brush Teeth
384.8,548.8,-746.4,3,4,6,418.3676391,353.1347523,-66.02248495,-164,1131.2,1295.2,Brush Teeth
377.6,397.6,-877.6,5,5,5,123.091578,306.1998138,-550.2218367,-20,1255.2,1275.2,Brush Teeth
459.2,616,-587.2,5,5,4,-85.67418726,685.4133403,589.0241347,-156.8,1046.4,1203.2,Brush Teeth
522.6666667,685.3333333,-378.6666667,1,1,1,321.2852863,1216.124438,641.3807712,-162.6666667,901.3333333,1064,Brush Teeth
-290.4,788,-512,1,2,5,2284.902219,253.469813,487.6377082,-1078.4,221.6,1300,Raise Arm
680,98.4,-348,3,5,6,761.7449596,11.54592442,117.5258669,581.6,1028,446.4,Combing Hair
780.8,254.4,-658.4,6,3,4,-552.0836601,106.4082459,27.19116855,526.4,1439.2,912.8,Combing Hair
560.8,-34.4,-694.4,3,4,4,428.3794577,-439.0894925,-267.7413948,595.2,1255.2,660,Combing Hair
620,-32.8,-831.2,5,4,5,-336.0560414,918.3091117,-675.3134936,652.8,1451.2,798.4,Combing Hair
467.2,-125.6,-681.6,4,5,4,53.75351861,-797.5766992,-696.4644646,592.8,1148.8,556,Combing Hair
669.6,81.6,-592.8,4,4,6,289.1531584,-321.2869236,-149.9351651,588,1262.4,674.4,Combing Hair
633.6,60,-658.4,6,3,4,133.2297021,-402.3717027,1135.721338,573.6,1292,718.4,Combing Hair
692,-209.6,-615.2,5,5,6,-262.6810929,-63.30132948,-146.8342195,901.6,1307.2,405.6,Combing Hair
112,154.4,-408.8,6,4,5,-1200.802141,1998.594754,-68.89923476,-42.4,520.8,563.2,Lower Arm
-948,596,-438,3,2,2,-682.2605107,-0.963180747,-14.43265502,-1544,-510,1034,Inactive
-257.6,893.6,-458.4,4,4,2,-13.85848229,-4.511683818,63.2660169,-1151.2,200.8,1352,Drawing
-261.6,874.4,-484.8,5,4,3,-49.71496116,55.90384976,38.72460649,-1136,223.2,1359.2,Drawing
-258.4,876.8,-493.6,2,4,4,85.80354823,30.98080659,62.5991583,-1135.2,235.2,1370.4,Drawing
-259.2,866.4,-517.6,4,4,4,11.93469833,61.23092589,-104.4172806,-1125.6,258.4,1384,Drawing
-248,884.8,-484,3,4,4,19.89658108,52.45406915,86.52543199,-1132.8,236,1368.8,Drawing
-283.2,864.8,-471.2,4,4,4,177.5783669,-16.82841527,48.53806895,-1148,188,1336,Drawing
-274.4,860.8,-505.6,4,3,5,-4.975057318,-69.21625595,64.13257693,-1135.2,231.2,1366.4,Drawing
-277.6,878.4,-446.4,5,4,4,-31.49138663,10.32714869,-24.86232223,-1156,168.8,1324.8,Drawing
-284.8,907.2,-480,5,3,4,-113.822453,346.1023462,191.5979812,-1192,195.2,1387.2,Drawing
-225.1428571,908.5714286,-357.7142857,3,4,4,-202.2903903,53.54770267,-254.647892,-1133.714286,132.5714286,1266.285714,Drawing
-250.4,880,-471.2,3,3,5,24.84625068,29.27319022,-26.91962357,-1130.4,220.8,1351.2,Drawing
-260,861.6,-533.6,4,4,4,-6.880719876,-78.33117537,-54.84098104,-1121.6,273.6,1395.2,Drawing
-286.4,822.4,-556,4,4,5,42.83807805,-53.5476514,-64.2573478,-1108.8,269.6,1378.4,Drawing
-263.2,852.8,-523.2,2,4,4,32.12868928,-140.2435905,-184.8664196,-1116,260,1376,Drawing
-248.8,852,-540,4,4,3,117.2920441,39.34179517,104.914943,-1100.8,291.2,1392,Drawing
-320.8,882.4,-453.6,5,4,4,64.67690542,-7.87671213,-421.0902076,-1203.2,132.8,1336,Drawing
-328.8,887.2,-448,2,4,4,44.97385872,-29.42919462,189.1326685,-1216,119.2,1335.2,Drawing
-298.4,896,-448,4,4,4,76.26021078,-50.21100469,225.1957963,-1194.4,149.6,1344,Drawing
-313.6,862.4,-505.6,5,4,3,7.216294296,-63.49862118,189.5462603,-1176,192,1368,Drawing
-296.8,899.2,-353.6,3,5,4,144.0043879,-29.38396382,684.6389959,-1196,56.8,1252.8,Drawing
-182,978,-254,3,2,3,-152.7046664,82.12066784,-174.9078381,-1160,72,1232,Drawing
-212,702.4,616.8,6,4,7,-675.1725187,475.2046959,-1100.572052,-914.4,-828.8,85.6,Inactive
-586.4,761.6,-146.4,3,6,7,32.12855085,-701.4727398,-1081.65954,-1348,-440,908,Inactive
-761.6,722.4,-236.8,3,3,5,745.3306036,2054.18899,1553.130339,-1484,-524.8,959.2,Inactive
559.2,93.6,-240.8,3,4,6,1437.942702,-1561.464482,-1249.428359,465.6,800,334.4,Combing Hair
542.4,-418.4,-377.6,4,6,3,555.2491718,-45.10312511,888.949963,960.8,920,-40.8,Combing Hair
131.2,-1060.8,-574.4,2,3,2,891.809181,-595.8408449,1285.138941,1192,705.6,-486.4,Combing Hair
569.6,468.8,-20,2,3,4,1831.065078,466.7132118,366.6082008,100.8,589.6,488.8,Raise Arm
816,516.8,153.6,6,5,4,-388.367194,-72.31819543,63.56244694,299.2,662.4,363.2,Combing Hair
739.2,36.8,-376,5,5,5,-649.4123211,375.4758256,-916.2053296,702.4,1115.2,412.8,Combing Hair
451.2,-465.6,-569.6,5,5,2,272.8193655,-346.1134782,1179.051848,916.8,1020.8,104,Combing Hair
734.4,134.4,-695.2,4,5,6,86.79068056,155.2947707,-374.172649,600,1429.6,829.6,Combing Hair
647.2,271.2,-647.2,4,7,6,-336.4316385,-579.2753575,534.3233037,376,1294.4,918.4,Combing Hair
207.2,-454.4,-696,5,8,4,67.9328957,-1380.956939,1237.933878,661.6,903.2,241.6,Combing Hair
578.4,172.8,-606.4,5,4,4,-771.0860202,1510.041013,-717.5394148,405.6,1184.8,779.2,Combing Hair
871.2,-104.8,-522.4,4,6,5,573.7785234,-853.5378089,68.77684412,976,1393.6,417.6,Combing Hair
180.8,-668.8,-433.6,5,5,5,-1038.218856,-1253.160455,-795.2969306,849.6,614.4,-235.2,Combing Hair
594.4,-347.2,-549.6,6,4,4,-643.6223751,-419.0327487,393.5312503,941.6,1144,202.4,Combing Hair
-972.8,652,-77.6,2,8,6,503.3467173,-1145.916781,-128.5153416,-1624.8,-895.2,729.6,Lower Arm
-820.8,708,36,5,2,4,5.842217304,480.5453833,-84.21705782,-1528.8,-856.8,672,Inactive
139.2,528,-453.6,2,7,6,989.0035952,-1388.725817,101.3357242,-388.8,592.8,981.6,Raise Arm
780,-342.4,-546.4,5,5,4,207.5368861,37.88520505,961.6208958,1122.4,1326.4,204,Brush Teeth
737.6,-320,-542.4,6,5,4,-616.0592434,-7.438848778,-100.0241612,1057.6,1280,222.4,Brush Teeth
862.4,-315.2,-476,5,6,5,32.34060722,-92.055276,-818.2381737,1177.6,1338.4,160.8,Brush Teeth
757.6,20,-551.2,4,5,3,232.165089,1053.228407,493.2748736,737.6,1308.8,571.2,Brush Teeth
777.6,90.4,-595.2,5,6,4,-383.0398902,-274.0756231,-395.9676353,687.2,1372.8,685.6,Brush Teeth
851.2,-68.8,-480,4,6,3,-121.6299315,-169.5655923,-422.0071846,920,1331.2,411.2,Brush Teeth
726.4,-76,-721.6,4,4,4,39.69798233,112.4601515,-569.3281779,802.4,1448,645.6,Brush Teeth
812.8,6.4,-544.8,5,6,3,-472.9918269,-228.2828079,247.0492695,806.4,1357.6,551.2,Brush Teeth
756.8,361.6,-510.4,4,5,4,-319.4104665,-311.7443586,-427.6719413,395.2,1267.2,872,Brush Teeth
784,321.6,-473.6,4,4,2,352.1405461,265.6990485,406.5812703,462.4,1257.6,795.2,Brush Teeth
777.6,276.8,-533.6,5,5,4,-244.258945,-125.4549071,-24.22774025,500.8,1311.2,810.4,Brush Teeth
815.2,325.6,-402.4,4,5,5,273.7945516,-57.19229451,131.0388401,489.6,1217.6,728,Brush Teeth
790.4,317.6,-446.4,3,3,3,385.5409797,364.1227559,567.6032652,472.8,1236.8,764,Brush Teeth
746.4,292.8,-536,4,4,4,84.72625175,19.31717108,360.6967025,453.6,1282.4,828.8,Brush Teeth
762.4,315.2,-503.2,4,5,2,335.1345553,217.9673742,385.2909515,447.2,1265.6,818.4,Brush Teeth
787.2,284,-508,5,5,5,-25.49271893,-182.4493951,6.944736564,503.2,1295.2,792,Brush Teeth
804,276,-532.8,4,4,4,313.7242678,110.94658,-38.37684264,528,1336.8,808.8,Brush Teeth
820.8,83.2,-578.4,3,6,4,280.4060004,-175.6946255,21.71892955,737.6,1399.2,661.6,Brush Teeth
804,208.8,-463.2,4,4,5,-235.6080603,-310.57492,-888.8890198,595.2,1267.2,672,Brush Teeth
795.2,184,-548,4,4,3,-107.7075739,-75.24287407,90.47750205,611.2,1343.2,732,Brush Teeth
789.6,164,-524.8,2,4,3,10.58193512,-75.34931287,287.3714529,625.6,1314.4,688.8,Brush Teeth
800.8,156,-601.6,5,3,3,-203.4800709,165.9969756,-123.1587938,644.8,1402.4,757.6,Brush Teeth
765.6,233.6,-618.4,2,5,6,44.64795289,91.0092115,-489.8408443,532,1384,852,Brush Teeth
700,128.8,-692,4,4,4,-139.2231307,257.0285914,-439.0904769,571.2,1392,820.8,Brush Teeth
630.4,191.2,-700,4,6,4,-98.48849251,-454.815587,469.8077601,439.2,1330.4,891.2,Brush Teeth
661.6,124.8,-776,4,6,5,-73.02821806,-493.4169979,259.0187585,536.8,1437.6,900.8,Brush Teeth
685.7142857,115.4285714,-804.5714286,3,3,4,-20.2264232,39.05318506,-128.1677455,570.2857143,1490.285714,920,Brush Teeth
-843.2,770.4,51.2,4,3,5,350.0139709,537.2461247,-232.5690462,-1613.6,-894.4,719.2,Inactive
311.2,371.2,-648,1,7,6,768.8296817,-1252.460971,-498.2387854,-60,959.2,1019.2,Raise Arm
760,147.2,-543.2,5,6,5,-665.5097744,-1626.936428,-1575.118094,612.8,1303.2,690.4,Brush Teeth
835.2,-264,-490.4,6,5,4,-559.0302112,-1695.513923,948.0503326,1099.2,1325.6,226.4,Brush Teeth
814.4,-376.8,-433.6,5,5,4,-504.7453494,-766.1627227,707.3005627,1191.2,1248,56.8,Brush Teeth
726.4,-58.4,-583.2,5,5,4,-617.070602,87.71855528,127.6201099,784.8,1309.6,524.8,Brush Teeth
765.6,61.6,-620.8,4,5,5,-23.93958652,-82.88899863,-368.6695281,704,1386.4,682.4,Brush Teeth
774.4,-178.4,-553.6,6,4,4,47.08740937,-777.814148,810.0908193,952.8,1328,375.2,Brush Teeth
765.6,-309.6,-468.8,5,5,5,56.84416709,-189.3767729,8.561339272,1075.2,1234.4,159.2,Brush Teeth
778.4,-171.2,-542.4,5,3,5,-810.3537688,-517.6295118,-1049.524129,949.6,1320.8,371.2,Brush Teeth
850.4,-224,-563.2,4,5,4,-151.8303417,-163.9155863,386.5056576,1074.4,1413.6,339.2,Brush Teeth
757.6,-193.6,-678.4,4,4,4,-16.03981101,285.038669,20.22847818,951.2,1436,484.8,Brush Teeth
717.6,-198.4,-721.6,3,4,5,79.31977112,339.8612579,-360.2967211,916,1439.2,523.2,Brush Teeth
630.4,-218.4,-653.6,6,3,6,-224.9005481,214.1894366,-257.030068,848.8,1284,435.2,Brush Teeth
331.2,893.6,-550.4,7,1,4,-449.1458482,1362.980369,117.9351936,-562.4,881.6,1444,Brush Teeth
536,343.2,-679.2,3,6,5,200.1061038,-726.277864,731.6208049,192.8,1215.2,1022.4,Brush Teeth
797.6,193.6,-581.6,3,3,4,436.7295581,559.8893065,892.8583324,604,1379.2,775.2,Brush Teeth
766.4,172,-560,5,5,3,358.38405,207.94067,498.2454334,594.4,1326.4,732,Brush Teeth
753.6,65.6,-646.4,3,3,3,30.11280313,205.3587429,104.5590941,688,1400,712,Brush Teeth
816,101.6,-565.6,5,5,3,-170.7580701,-202.8010261,-415.3161782,714.4,1381.6,667.2,Brush Teeth
791.2,73.6,-608,5,4,4,89.62499404,107.2469737,-218.5932869,717.6,1399.2,681.6,Brush Teeth
746.4,45.6,-631.2,4,5,3,-59.74893107,19.33411929,80.78011271,700.8,1377.6,676.8,Brush Teeth
780.8,95.2,-640,5,5,5,-162.9402047,-229.3872128,-106.6191955,685.6,1420.8,735.2,Brush Teeth
784.8,49.6,-597.6,3,4,4,-26.28826225,-118.5010452,260.3641676,735.2,1382.4,647.2,Brush Teeth
801.6,52,-655.2,4,4,5,20.92605102,201.6955559,-226.5624359,749.6,1456.8,707.2,Brush Teeth
744,73.6,-688.8,5,5,4,-93.79072967,132.2858827,-102.9780261,670.4,1432.8,762.4,Brush Teeth
719.2,92,-678.4,6,4,5,-166.7278538,660.4416646,-724.0516673,627.2,1397.6,770.4,Brush Teeth
718.4,100.8,-694.4,3,5,4,1.665963024,243.6472408,-423.1758705,617.6,1412.8,795.2,Brush Teeth
722.4,83.2,-716.8,5,4,5,-26.72590758,256.891926,-644.247603,639.2,1439.2,800,Brush Teeth
716,-7.2,-696.8,4,5,4,3.102180795,-6.89636128,-42.49413542,723.2,1412.8,689.6,Brush Teeth
740.8,-42.4,-674.4,3,5,4,38.69970218,-379.6461974,362.2999253,783.2,1415.2,632,Brush Teeth
703.2,-30.4,-748.8,5,4,4,-62.08980832,-340.1534012,138.8395668,733.6,1452,718.4,Brush Teeth
668.8,-21.6,-768.8,4,4,4,-44.71128005,514.6632821,-550.9682346,690.4,1437.6,747.2,Brush Teeth
671.2,-44.8,-731.2,4,6,5,-40.52180236,174.2654387,-255.6994912,716,1402.4,686.4,Brush Teeth
700.8,3.2,-788.8,3,4,5,54.22358598,37.918421,-120.5186108,697.6,1489.6,792,Brush Teeth
690.4,-19.2,-734.4,4,3,5,32.0083469,204.6748008,-10.60400318,709.6,1424.8,715.2,Brush Teeth
681.6,12.8,-772.8,4,6,3,-67.18945196,-241.2191559,402.1170789,668.8,1454.4,785.6,Brush Teeth
686.4,61.6,-767.2,5,6,3,15.09865923,61.92444243,229.6589651,624.8,1453.6,828.8,Brush Teeth
669.6,127.2,-750.4,5,3,4,53.55008451,384.9435864,-307.1443575,542.4,1420,877.6,Brush Teeth
670.4,114.4,-728,4,4,4,-43.47563856,-91.79617997,156.3084197,556,1398.4,842.4,Brush Teeth
630.4,133.6,-783.2,7,3,5,-233.5688942,2.550242008,306.1122579,496.8,1413.6,916.8,Brush Teeth
770.4,276,-517.6,5,3,4,-339.5365395,202.6573647,-758.6588629,494.4,1288,793.6,Brush Teeth
804.8,322.4,-440,3,4,4,396.2528612,128.7700653,424.0455303,482.4,1244.8,762.4,Brush Teeth
784.8,321.6,-511.2,3,4,4,-100.7456597,178.92506,-253.4320083,463.2,1296,832.8,Brush Teeth
257.6,761.6,-193.6,7,3,1,-1175.207913,1190.857153,682.0888322,-504,451.2,955.2,Brush Teeth
77.6,848,-372,0,8,7,1195.433814,-1816.899638,-711.682191,-770.4,449.6,1220,Brush Teeth
743.2,-216.8,-608,6,6,4,171.3520353,-192.7718281,-64.25657872,960,1351.2,391.2,Brush Teeth
795.2,-262.4,-601.6,5,6,4,-112.9455045,-216.5164252,467.7833606,1057.6,1396.8,339.2,Brush Teeth
769.6,-260.8,-552.8,5,5,5,-320.7995832,-92.32206849,531.0904562,1030.4,1322.4,292,Brush Teeth
793.6,-277.6,-592,5,6,4,13.81843658,-7.021069563,67.52617974,1071.2,1385.6,314.4,Brush Teeth
756.8,-348.8,-562.4,5,5,3,-41.68420593,-147.3675057,-5.665461786,1105.6,1319.2,213.6,Brush Teeth
759.2,-385.6,-569.6,5,6,2,-84.52872831,-61.70755268,31.23617024,1144.8,1328.8,184,Brush Teeth
731.2,-351.2,-616,3,4,4,85.67557161,139.2239921,-21.41954662,1082.4,1347.2,264.8,Brush Teeth
702.4,215.2,-441.6,4,2,4,-95.96888278,1362.485796,423.9334621,487.2,1144,656.8,Brush Teeth
703.2,594.4,-307.2,5,4,6,-254.5726179,-64.47841494,-406.5309606,108.8,1010.4,901.6,Brush Teeth
758.4,568.8,-296,5,6,4,13.4427189,-53.51523926,-246.3195718,189.6,1054.4,864.8,Brush Teeth
756,500.8,-397.6,5,4,4,1.796823667,-153.7098656,-284.7515758,255.2,1153.6,898.4,Brush Teeth
484.8,620,-204.8,7,2,3,-1006.693896,792.5030596,423.0256324,-135.2,689.6,824.8,Lower Arm
-522.4,1031.2,192,7,5,5,-481.6730324,-44.62313671,-321.2857546,-1553.6,-714.4,839.2,Lower Arm
-593.6,809.6,-28.8,2,5,5,-140.5368823,-174.3902886,-237.3316392,-1403.2,-564.8,838.4,Inactive
-524,865.6,-8.8,4,6,4,-32.25491241,-160.2597011,577.6753242,-1389.6,-515.2,874.4,Inactive
-586.4,805.6,-23.2,6,7,7,-340.1803249,-462.2706009,-538.3595578,-1392,-563.2,828.8,Inactive
-518,764,-742,3,2,3,369.5860271,-752.6188665,-885.0701387,-1282,224,1506,Inactive
817.6,-160.8,-482.4,6,6,4,-493.9593896,-596.6036885,272.5370075,978.4,1300,321.6,Combing Hair
778.4,-103.2,-639.2,6,5,4,-879.5758445,-294.6938419,-121.0699574,881.6,1417.6,536,Combing Hair
551.2,231.2,-580.8,3,5,5,-289.4017221,1641.216297,-596.1628812,320,1132,812,Combing Hair
675.2,166.4,-444,4,4,3,153.5917328,-1210.693804,1137.207905,508.8,1119.2,610.4,Combing Hair
-713.6,601.6,-508,4,5,3,-1361.637015,-64.51363945,-12.74938549,-1315.2,-205.6,1109.6,Combing Hair
-825.6,459.2,-385.6,5,3,3,-338.0152621,-80.68271138,76.62503831,-1284.8,-440,844.8,Combing Hair
82.4,792.8,-630.4,2,3,4,21.41896212,-32.12844318,10.70991174,-710.4,712.8,1423.2,Drawing
91.2,812,-654.4,4,5,3,22.43329612,-84.77593832,-173.853041,-720.8,745.6,1466.4,Drawing
96,836,-599.2,4,6,5,9.816813296,-100.4651798,-111.5574525,-740,695.2,1435.2,Drawing
88,822.4,-594.4,4,6,4,-11.111214,-57.96443724,-113.5197997,-734.4,682.4,1416.8,Drawing
93.6,848.8,-599.2,5,4,5,58.73776624,96.64194879,386.5015556,-755.2,692.8,1448,Drawing
96.8,845.6,-549.6,4,4,4,32.12868928,29.29636285,202.4949075,-748.8,646.4,1395.2,Drawing
160,840,-534.4,3,5,4,305.2211715,80.32159246,444.4447791,-680,694.4,1374.4,Drawing
124.8,833.6,-540.8,5,3,7,-201.4450184,51.30572362,-352.9598638,-708.8,665.6,1374.4,Drawing
122.4,867.2,-556,4,5,4,-42.595015,159.8568795,-17.30187686,-744.8,678.4,1423.2,Drawing
57.6,877.6,-564.8,4,4,4,-64.25694788,96.38557564,117.8055222,-820,622.4,1442.4,Drawing
65.6,862.4,-602.4,3,4,4,84.7838575,180.0208429,579.4591428,-796.8,668,1464.8,Drawing
102.4,856,-483.2,3,4,5,-96.86824972,-32.3007081,-693.6443808,-753.6,585.6,1339.2,Drawing
67.2,899.2,-477.6,5,5,3,-114.100759,-212.3142966,502.4214375,-832,544.8,1376.8,Drawing
94.4,878.4,-565.6,5,4,3,108.51626,214.4606625,511.0138542,-784,660,1444,Drawing
105.6,896.8,-452,5,4,4,13.38691093,123.1597051,-281.1228684,-791.2,557.6,1348.8,Drawing
110.4,907.2,-420.8,5,5,4,3.023084675,19.41341606,276.7400443,-796.8,531.2,1328,Drawing
42,716,-598,4,4,4,126.8026334,94.78852305,-429.0476218,-674,640,1314,Drawing
128.8,852,-580,6,4,3,-1.567852944,373.1803558,447.1531529,-723.2,708.8,1432,Drawing
114.4,857.6,-583.2,4,5,5,-3.488657959,27.09735244,-261.2944742,-743.2,697.6,1440.8,Drawing
103.2,860.8,-541.6,4,4,5,-12.69072255,109.33571,-557.9726095,-757.6,644.8,1402.4,Drawing
99.2,847.2,-504.8,4,4,4,116.1823311,-105.1680557,-63.56335522,-748,604,1352,Drawing
120,828.8,-516,3,4,4,-21.41926975,514.0571212,117.8060144,-708.8,636,1344.8,Drawing
105.6,829.6,-514.4,3,5,5,151.3589881,28.33943122,-406.0776187,-724,620,1344,Drawing
124,876.8,-500,6,4,3,-3.08E-04,-396.2527065,0.001138236,-752.8,624,1376.8,Drawing
164,933.6,-294.4,4,5,3,123.2650107,-270.1515784,103.4251267,-769.6,458.4,1228,Drawing
99.2,813.6,-580.8,5,5,4,-355.9017082,2.515085953,-469.4413174,-714.4,680,1394.4,Drawing
72,774.4,-713.6,3,4,5,8.441817872,-6.662734958,-21.30071028,-702.4,785.6,1488,Drawing
54.4,773.6,-638.4,3,3,4,86.63582844,51.3570751,111.7752106,-719.2,692.8,1412,Drawing
64.8,816,-596.8,4,4,4,-30.2426525,158.2624148,-136.5752544,-751.2,661.6,1412.8,Drawing
81.6,804.8,-548.8,4,4,3,-103.6234008,116.0160319,-490.8618124,-723.2,630.4,1353.6,Drawing
89.6,833.6,-531.2,3,5,3,47.05976907,-100.1395727,243.1139878,-744,620.8,1364.8,Drawing
79.2,825.6,-596.8,4,4,3,-58.20093891,-23.45887966,-101.6119321,-746.4,676,1422.4,Drawing
99.2,856.8,-532.8,5,5,4,-107.0949644,-10.71037319,-653.2771756,-757.6,632,1389.6,Drawing
161.7777778,678.2222222,-674.6666667,6,7,6,-200.5418073,-745.8576546,-397.7944258,-516.4444444,836.4444444,1352.888889,Drawing
341.6,-14.4,-987.2,5,2,4,-54.58289379,32.00415949,84.39170177,356,1328.8,972.8,Scratch Chin
316.8,108.8,-992.8,5,4,4,-48.09621328,-257.657087,342.4105774,208,1309.6,1101.6,Scratch Chin
477.6,-224.8,-893.6,4,5,5,257.0280069,74.96744413,32.12911997,702.4,1371.2,668.8,Scratch Chin
377.6,-162.4,-871.2,7,5,5,-503.9092128,336.5806593,-153.6821504,540,1248.8,708.8,Scratch Chin
-179.2,345.6,-1252.8,3,3,3,117.8174335,-100.6897368,324.6619539,-524.8,1073.6,1598.4,Lower Arm
259.2,-24.8,-919.2,4,5,6,529.3369595,-261.4691999,24.42430572,284,1178.4,894.4,Raise Arm
555.2,-188.8,-833.6,4,2,5,77.23425113,-36.56828076,71.05992993,744,1388.8,644.8,Scratch Chin
332,-291.2,-827.2,7,5,5,-890.1643254,-43.85801489,-475.9367048,623.2,1159.2,536,Lower Arm
-288,312,-1306,2,3,2,168.9723197,-623.5315894,1583.8179,-600,1018,1618,Inactive
503.2,-106.4,-910.4,4,5,5,-138.8900137,-63.27466511,-45.11502431,609.6,1413.6,804,Brush Teeth
646.4,121.6,-699.2,3,3,2,820.6322972,853.9995988,1101.313409,524.8,1345.6,820.8,Brush Teeth
721.6,422.4,-477.6,4,4,4,554.7313619,748.0639637,1282.810117,299.2,1199.2,900,Brush Teeth
758.4,260,-578.4,4,5,5,-53.54937414,-1113.790614,-257.0301295,498.4,1336.8,838.4,Brush Teeth
611.2,-79.2,-801.6,6,4,5,-199.8776834,128.2594508,-521.2888762,690.4,1412.8,722.4,Brush Teeth
493.6,149.6,-856,4,3,3,-296.5613998,795.7820465,52.05196621,344,1349.6,1005.6,Brush Teeth
511.2,634.4,-545.6,6,4,3,-697.5377128,218.9489107,-750.2839052,-123.2,1056.8,1180,Brush Teeth
462.4,665.6,-540.8,6,7,5,-457.19388,-337.7321679,-782.5585004,-203.2,1003.2,1206.4,Brush Teeth
500.8,748.8,-486.4,3,5,6,-184.7803921,49.02724085,-171.49711,-248,987.2,1235.2,Brush Teeth
500,763.2,-408,6,6,4,-301.8464865,39.92999725,-133.2678147,-263.2,908,1171.2,Brush Teeth
607.2,654.4,-413.6,5,5,4,-320.8613193,-292.2306689,-5.647636353,-47.2,1020.8,1068,Brush Teeth
582.4,164,-856,6,5,5,-328.2988527,-83.40649301,-538.4736676,418.4,1438.4,1020,Brush Teeth
400.8,471.2,-717.6,6,5,3,-519.4090085,331.9961739,289.155158,-70.4,1118.4,1188.8,Brush Teeth
496,795.2,-400.8,5,6,5,-318.1125303,-186.6928292,-142.8330845,-299.2,896.8,1196,Brush Teeth
500.8,870.4,-278.4,4,5,3,117.8037072,182.0615779,546.1826419,-369.6,779.2,1148.8,Brush Teeth
508,744,-520,1,1,1,64.25702308,-160.6427389,239.1791361,-236,1028,1264,Brush Teeth
-453.6,318.4,-555.2,4,3,4,577.6917654,167.2113648,-105.9510499,-772,101.6,873.6,Raise Arm
776.8,-240.8,-431.2,6,5,2,113.4267508,-478.1810174,194.520531,1017.6,1208,190.4,Brush Teeth
896.8,-32.8,-394.4,5,4,6,182.0627162,396.2545523,396.2503685,929.6,1291.2,361.6,Brush Teeth
902.4,120.8,-286.4,5,4,4,155.9184198,380.3991891,310.5909599,781.6,1188.8,407.2,Brush Teeth
881.6,-25.6,-324,4,5,4,453.5886408,400.852524,152.6505765,907.2,1205.6,298.4,Brush Teeth
857.6,-187.2,-240.8,6,6,4,128.8379006,-406.3353459,927.7848735,1044.8,1098.4,53.6,Brush Teeth
940.8,-179.2,-238.4,5,5,6,-372.0565251,-200.0513587,-1217.288196,1120,1179.2,59.2,Brush Teeth
869.6,14.4,-394.4,4,4,4,-49.35746323,-31.00463555,-297.5604407,855.2,1264,408.8,Brush Teeth
860.8,18.4,-326.4,5,5,5,-151.5551303,-951.5191307,345.5975778,842.4,1187.2,344.8,Brush Teeth
872,94.4,-366.4,4,4,3,298.9312769,-98.9380898,1376.909951,777.6,1238.4,460.8,Brush Teeth
837.6,-12,-355.2,4,4,4,614.3599044,1454.418797,1265.10681,849.6,1192.8,343.2,Brush Teeth
829.6,-264.8,-343.2,5,5,4,173.6446226,207.2982855,-10.58572851,1094.4,1172.8,78.4,Brush Teeth
827.2,-4.8,-322.4,5,5,6,-456.2784346,-300.6967485,-1203.811188,832,1149.6,317.6,Brush Teeth
872,79.2,-412,5,5,4,-242.2133359,-317.0945834,-651.6099399,792.8,1284,491.2,Brush Teeth
897.6,-324,-142.4,4,6,4,-364.1222791,-942.4351484,1590.370558,1221.6,1040,-181.6,Brush Teeth
900.8,-157.6,-116,4,4,5,56.22139518,751.8539965,-282.0538149,1058.4,1016.8,-41.6,Brush Teeth
855.2,-121.6,-412.8,6,6,4,-188.0681176,77.74478056,23.60100037,976.8,1268,291.2,Brush Teeth
848,-92.8,-265.6,4,5,4,-143.250077,-202.4554437,-534.2339679,940.8,1113.6,172.8,Brush Teeth
890.4,-34.4,-286.4,5,4,5,-53.54635935,117.8119517,-481.9256325,924.8,1176.8,252,Brush Teeth
868.8,-154.4,-338.4,6,5,5,20.87569748,-284.9435914,72.750711,1023.2,1207.2,184,Brush Teeth
862.4,-24,-343.2,4,5,4,-118.8632201,359.8452901,81.30860447,886.4,1205.6,319.2,Brush Teeth
900,7.2,-357.6,5,5,6,275.2551475,589.1681942,360.3093575,892.8,1257.6,364.8,Brush Teeth
854.4,-210.4,-234.4,5,4,5,-373.3795407,-287.6233724,-1119.294069,1064.8,1088.8,24,Brush Teeth
828.8,12,-411.2,4,4,5,-67.44068613,64.53412302,430.1467652,816.8,1240,423.2,Brush Teeth
761.6,34.4,-453.6,5,4,5,-504.3936133,-579.8103264,-855.5466525,727.2,1215.2,488,Brush Teeth
-419,514,-701,7,4,3,-2156.374878,65.23189223,346.9917299,-933,282,1215,Lower Arm
-153.6,334.4,-775.2,1,4,3,1433.3988,100.6219436,85.30496787,-488,621.6,1109.6,Raise Arm
863.2,-107.2,-444.8,5,5,4,-156.4299874,-477.6876292,234.9054689,970.4,1308,337.6,Brush Teeth
875.2,32.8,-462.4,6,4,4,-79.86417267,-750.9059527,-177.9015989,842.4,1337.6,495.2,Brush Teeth
813.6,116,-638.4,5,5,4,24.1479767,-585.3759071,-302.2483697,697.6,1452,754.4,Brush Teeth
776,165.6,-480.8,5,5,4,-606.0770032,-1564.461398,-933.6078316,610.4,1256.8,646.4,Brush Teeth
871.2,164,-293.6,4,5,4,-642.5702813,-1727.162619,-858.9277748,707.2,1164.8,457.6,Brush Teeth
880,143.2,-356,5,5,4,-114.9996813,-308.7907184,-431.1850577,736.8,1236,499.2,Brush Teeth
848.8,-86.4,-423.2,4,4,4,356.0542548,1143.375952,500.9861627,935.2,1272,336.8,Brush Teeth
873.6,140,-255.2,4,4,5,389.4820474,1023.354743,445.5359183,733.6,1128.8,395.2,Brush Teeth
846.4,88.8,-405.6,5,5,5,89.88334304,424.6828588,517.4985659,757.6,1252,494.4,Brush Teeth
832.8,-104.8,-460,4,5,5,-521.4089441,-361.8844637,-98.48332357,937.6,1292.8,355.2,Brush Teeth
860.8,-217.6,-444,5,5,5,-163.4474405,99.44540075,-1140.817237,1078.4,1304.8,226.4,Brush Teeth
887.2,12.8,-370.4,4,5,5,42.8380187,64.25702811,-235.6091032,874.4,1257.6,383.2,Brush Teeth
889.6,-152.8,-324,4,4,5,-56.58561468,-307.3602968,61.57654203,1042.4,1213.6,171.2,Brush Teeth
871.2,-359.2,-262.4,5,2,4,-374.9601581,229.8718685,-2470.835724,1230.4,1133.6,-96.8,Brush Teeth
905.6,-204.8,-235.2,3,6,4,205.2470197,767.2888374,512.764072,1110.4,1140.8,30.4,Brush Teeth
904,-164.8,-270.4,5,5,4,-44.21868652,-551.0295145,-147.1126471,1068.8,1174.4,105.6,Brush Teeth
891.2,-141.6,-329.6,4,5,5,-15.8213925,477.099478,-561.494254,1032.8,1220.8,188,Brush Teeth
874.4,-25.6,-292,4,5,5,180.3692241,1137.399098,230.4482543,900,1166.4,266.4,Brush Teeth
820.8,193.6,-392,5,5,5,-647.415057,-1037.674507,-748.2628928,627.2,1212.8,585.6,Brush Teeth
870.4,142.4,-354.4,6,6,5,-471.2182062,-1499.330656,-910.3078983,728,1224.8,496.8,Brush Teeth
836.8,88,-428.8,5,4,5,-899.6971969,-2528.598686,-1043.352809,748.8,1265.6,516.8,Brush Teeth
849.6,59.2,-400.8,5,5,4,-214.1900937,-931.7269076,-589.0227577,790.4,1250.4,460,Brush Teeth
860,76.8,-443.2,4,4,6,39.65873827,-516.3450458,-467.9979993,783.2,1303.2,520,Brush Teeth
844,-16.8,-459.2,5,4,6,-40.40990881,-569.9043085,-184.2128135,860.8,1303.2,442.4,Brush Teeth
845.6,23.2,-408,4,4,5,53.76193718,-146.6495676,77.78176943,822.4,1253.6,431.2,Brush Teeth
839.2,-118.4,-350.4,4,5,5,93.38766706,-171.6785064,336.58968,957.6,1189.6,232,Brush Teeth
836,-203.2,-425.6,4,4,4,-261.4991987,-805.2202622,32.50832036,1039.2,1261.6,222.4,Brush Teeth
774.4,-188.8,-531.2,5,5,5,-647.9039979,-1936.256009,-819.8216992,963.2,1305.6,342.4,Brush Teeth
872.8,-127.2,-360,4,5,4,57.62733475,426.4677759,362.5932301,1000,1232.8,232.8,Brush Teeth
799.2,-90.4,-408,4,4,6,85.67603757,358.7684072,182.0615798,889.6,1207.2,317.6,Brush Teeth
847.2,-25.6,-513.6,4,4,5,35.57085482,-504.366673,-380.9523808,872.8,1360.8,488,Brush Teeth
836,149.6,-472.8,5,5,4,-326.3296704,-731.331367,-987.5033313,686.4,1308.8,622.4,Brush Teeth
806.4,-234.4,-428.8,5,5,4,-31.51592039,-304.3470823,43.87041015,1040.8,1235.2,194.4,Brush Teeth
824.8,-52.8,-451.2,5,5,4,53.80251173,290.6865561,38.50321938,877.6,1276,398.4,Brush Teeth
807.2,-70.4,-460,4,4,5,678.6511123,2508.573978,991.0116656,877.6,1267.2,389.6,Brush Teeth
830.4,17.6,-464.8,4,4,4,139.2235609,1092.369478,492.6372156,812.8,1295.2,482.4,Brush Teeth
808,136.8,-449.6,5,5,5,-285.2043093,141.6459489,-280.2320392,671.2,1257.6,586.4,Brush Teeth
848,186.4,-461.6,4,5,4,396.1209998,896.1134698,-94.16609866,661.6,1309.6,648,Brush Teeth
726.4,295.2,-469.6,3,3,5,135.1068511,667.611502,-149.7785029,431.2,1196,764.8,Brush Teeth
42.4,716,-323.2,9,4,3,-2785.579681,-665.0439447,-429.1089135,-673.6,365.6,1039.2,Lower Arm
-860.5714286,577.1428571,-185.1428571,4,3,3,48.45871181,-65.22016478,-22.66964952,-1437.714286,-675.4285714,762.2857143,Inactive
407.2,548.8,-197.6,2,6,6,1790.063976,-919.9891727,-1096.666607,-141.6,604.8,746.4,Raise Arm
755.2,46.4,-381.6,7,3,6,-490.7724899,809.2263225,-286.39836,708.8,1136.8,428,Scratch Chin
-749.3333333,757.3333333,7.111111111,5,4,4,-1435.988389,-58.58618323,43.26175256,-1506.666667,-756.4444444,750.2222222,Lower Arm
252.8,445.6,-272,2,6,4,1601.070279,-1242.302641,123.1588015,-192.8,524.8,717.6,Raise Arm
953.6,20,-299.2,4,5,4,-64.0434097,281.2191152,86.79901985,933.6,1252.8,319.2,Scratch Chin
20,543.2,-90.4,6,3,6,-2010.825964,625.4216533,-402.4798405,-523.2,110.4,633.6,Lower Arm
-830,624,52,1,0,1,61.16908581,344.4272321,109.7597227,-1454,-882,572,Inactive
-865.6,680.8,87.2,4,1,5,622.158928,1063.950597,139.2561094,-1546.4,-952.8,593.6,Inactive
546.4,476,-225.6,3,8,5,854.7178378,-2035.495797,-695.7732081,70.4,772,701.6,Raise Arm
781.6,-469.6,-432.8,3,5,4,-276.5347028,-628.163565,-859.5665258,1251.2,1214.4,-36.8,Combing Hair
699.2,-454.4,-214.4,4,5,5,342.7056704,831.005683,776.5702409,1153.6,913.6,-240,Combing Hair
753.6,-559.2,-171.2,4,5,5,-710.0013077,785.3795674,-471.3561619,1312.8,924.8,-388,Combing Hair
304.8,-748.8,-760,4,4,5,-558.3179709,-1714.095163,556.0417292,1053.6,1064.8,11.2,Combing Hair
136.8,-576,-777.6,6,4,5,-1070.950013,-1285.135728,-1017.404515,712.8,914.4,201.6,Combing Hair
16.8,-556.8,-706.4,6,3,3,-801.6849273,-126.476185,-43.98986767,573.6,723.2,149.6,Combing Hair
596,440.8,-248.8,6,2,4,-482.2163621,1831.225249,-563.2997215,155.2,844.8,689.6,Combing Hair
316.8,671.2,-448,3,5,5,331.9945589,-760.3733398,-149.9321196,-354.4,764.8,1119.2,Combing Hair
39.2,1012,-390.4,3,6,3,85.74078034,31.91912966,588.9423161,-972.8,429.6,1402.4,Combing Hair
-265.6,1007.2,-3.2,4,5,4,-382.022318,160.7796236,236.3959501,-1272.8,-262.4,1010.4,Inactive
540,504.8,44.8,1,8,5,1395.829963,-2023.180292,-283.5578018,35.2,495.2,460,Raise Arm
698.4,-716,-281.6,5,3,6,-903.7652741,891.1184808,-323.9252014,1414.4,980,-434.4,Combing Hair
669.6,-768,-338.4,4,6,4,1113.788487,-974.5649264,1060.240964,1437.6,1008,-429.6,Combing Hair
540.8,-595.2,-275.2,4,5,4,-323.7728303,-593.472613,-234.9436459,1136,816,-320,Combing Hair
700.8,-265.6,392.8,6,2,5,-477.8694726,1471.621845,-1339.993676,966.4,308,-658.4,Combing Hair
60,731.2,-872,4,2,4,-491.5111715,1706.191647,729.5061343,-671.2,932,1603.2,Combing Hair
486.4,552,-351.2,3,8,5,532.9055753,-1568.739446,-165.0663657,-65.6,837.6,903.2,Combing Hair
132,35.2,594.4,6,5,4,-1253.012048,1338.688086,1488.621151,96.8,-462.4,-559.2,Lower Arm
-764.5714286,761.1428571,66.28571429,3,3,4,61.84217305,-263.9858948,-526.1191093,-1525.714286,-830.8571429,694.8571429,Inactive
307.2,948,-128,3,4,4,150.9375647,-19.85444144,106.349455,-640.8,435.2,1076,Drawing
293.6,938.4,-60,4,4,6,-6.540214682,37.36576952,10.74531907,-644.8,353.6,998.4,Drawing
279.2,855.2,-424.8,3,4,5,42.83826263,-440.1093678,-761.2660691,-576,704,1280,Drawing
319.2,845.6,-427.2,4,5,4,62.87893746,-365.3980063,-757.6966369,-526.4,746.4,1272.8,Drawing
343.2,775.2,-552,4,4,4,-56.47998088,-119.5900656,527.313779,-432,895.2,1327.2,Drawing
255.2,860,-255.2,5,2,5,-262.0873531,711.458116,601.2161077,-604.8,510.4,1115.2,Drawing
112.8,997.6,-212.8,5,3,4,-64.25711708,4.844776891,307.3887912,-884.8,325.6,1210.4,Drawing
73.6,976,-214.4,6,3,5,-32.12853547,-32.12872005,-64.25725551,-902.4,288,1190.4,Drawing
79.2,996.8,-220,3,3,5,56.53105838,74.60342937,243.9875571,-917.6,299.2,1216.8,Drawing
66.4,989.6,-188.8,6,4,3,-139.1239972,-40.6428789,309.2098011,-923.2,255.2,1178.4,Drawing
253,729,-306,4,4,7,270.1180957,-481.9272253,-2043.135703,-476,559,1035,Drawing
258.4,864,-302.4,7,5,1,-396.0338082,350.9358328,549.9109336,-605.6,560.8,1166.4,Drawing
92,948,-286.4,5,4,4,39.34714097,33.37787161,-35.6204524,-856,378.4,1234.4,Drawing
124,961.6,-254.4,4,4,4,188.0296552,-1.694230078,-137.0391802,-837.6,378.4,1216,Drawing
207.2,969.6,-252,4,6,4,-58.35355721,-253.8433612,-161.4964687,-762.4,459.2,1221.6,Drawing
132.8,931.2,-188.8,3,3,3,-117.1546497,279.4984449,-137.48319,-798.4,321.6,1120,Drawing
105.6,975.2,-144.8,4,4,3,0.488330632,33.1897023,514.1559743,-869.6,250.4,1120,Drawing
87.2,995.2,-149.6,3,5,5,-32.12832013,-32.12844318,-85.67477176,-908,236.8,1144.8,Drawing
84.8,993.6,-146.4,3,3,5,18.63057332,54.28673028,-12.79498745,-908.8,231.2,1140,Drawing
148.8,944,27.2,5,4,3,110.6582563,238.6950816,-222.556705,-795.2,121.6,916.8,Drawing
96,842.6666667,-362.6666667,2,1,3,-64.2281757,-27.03917678,-564.2540557,-746.6666667,458.6666667,1205.333333,Drawing
-955.2,292.8,-193.6,4,3,5,67.43504236,-32.37442952,-3.187400799,-1248,-761.6,486.4,Inactive
-861.6,540.8,-404.8,3,3,5,715.6818956,723.1024134,-442.9335019,-1402.4,-456.8,945.6,Raise Arm
429.6,584.8,-351.2,1,7,3,1282.292368,-315.8052656,347.1415577,-155.2,780.8,936,Raise Arm
810.4,555.2,25.6,4,4,5,155.8659236,-152.5377958,319.6670794,255.2,784.8,529.6,Brush Teeth
792,546.4,64.8,5,5,3,128.5145418,-192.7718588,578.3148382,245.6,727.2,481.6,Brush Teeth
791.2,536,104,4,4,4,56.79287441,-3.930175816,182.9475912,255.2,687.2,432,Brush Teeth
830.4,507.2,156.8,5,4,4,-166.0673253,-65.75866869,-196.6708236,323.2,673.6,350.4,Brush Teeth
806.4,566.4,24,4,5,5,-47.3540766,400.0901118,-594.2509034,240,782.4,542.4,Brush Teeth
815.2,542.4,29.6,5,5,6,177.8483841,-21.15170252,199.3939482,272.8,785.6,512.8,Brush Teeth
794.4,550.4,-15.2,4,5,4,66.44106361,28.78458799,547.328267,244,809.6,565.6,Brush Teeth
796,544.8,71.2,5,3,3,-145.4889353,-94.62139077,-320.5992834,251.2,724.8,473.6,Brush Teeth
792,556,135.2,5,4,5,-215.6112164,-79.11102992,-874.2892058,236,656.8,420.8,Brush Teeth
808,476,-88,4,4,6,133.5186638,-530.6629104,-1239.423713,332,896,564,Brush Teeth
804,-1.6,-637.6,5,5,4,15.22221014,-79.17646552,-404.3149367,805.6,1441.6,636,Brush Teeth
778.4,24,-644,5,6,5,-214.5710862,-385.5109432,101.1710165,754.4,1422.4,668,Brush Teeth
797.6,6.4,-613.6,5,5,4,-172.5339424,-354.2070986,844.5060509,791.2,1411.2,620,Brush Teeth
764,-89.6,-611.2,3,5,4,-101.2080567,-39.61632404,-159.8733397,853.6,1375.2,521.6,Brush Teeth
839.2,310.4,-315.2,6,4,3,-192.6495366,415.9541495,159.7767156,528.8,1154.4,625.6,Brush Teeth
870.4,332,-292,4,4,5,-77.68473617,-50.48212568,-211.6045154,538.4,1162.4,624,Brush Teeth
852,412,-136.8,5,4,4,464.6722306,157.4212659,445.0680725,440,988.8,548.8,Brush Teeth
857.6,381.6,-116.8,4,4,4,273.5174778,128.524687,786.4655697,476,974.4,498.4,Brush Teeth
837.6,488,-76.8,5,4,5,-246.562337,-56.73898133,251.0393055,349.6,914.4,564.8,Brush Teeth
824.8,514.4,161.6,4,3,4,-129.4835344,-295.3558311,-796.3041081,310.4,663.2,352.8,Brush Teeth
823.2,449.6,15.2,4,4,5,269.1319751,13.63417966,154.0271105,373.6,808,434.4,Brush Teeth
863.2,324,-276.8,4,5,5,-134.9983015,-263.7517906,195.6900769,539.2,1140,600.8,Brush Teeth
923.2,326.4,-68,4,3,4,-31.16521441,192.3658589,-235.5523887,596.8,991.2,394.4,Brush Teeth
729.6,-336.8,-668,3,4,5,179.1139623,52.09356163,-518.8994114,1066.4,1397.6,331.2,Brush Teeth
744.8,-361.6,-560,6,5,4,-337.7317195,-105.0552021,528.0797302,1106.4,1304.8,198.4,Brush Teeth
760,-205.6,-661.6,5,5,3,92.68884493,113.3427424,416.2635885,965.6,1421.6,456,Brush Teeth
774.4,-195.2,-553.6,3,4,6,-115.0534351,-17.38664175,139.1566203,969.6,1328,358.4,Brush Teeth
752.8,-163.2,-674.4,4,3,5,410.6981121,113.2415004,-580.503913,916,1427.2,511.2,Brush Teeth
720.8,-288,-633.6,4,4,5,-136.7769631,87.3393271,-154.5019201,1008.8,1354.4,345.6,Brush Teeth
795.2,-395.2,-562.4,5,5,5,39.57323147,-195.9071623,192.1995771,1190.4,1357.6,167.2,Brush Teeth
837.6,-328,-508,6,6,6,-50.46179084,-34.37909869,122.8621045,1165.6,1345.6,180,Brush Teeth
816,-371.2,-488.8,5,5,5,-132.6700286,-262.0199743,194.2294428,1187.2,1304.8,117.6,Brush Teeth
767.2,-356.8,-576,5,5,6,-192.771182,-203.6063017,152.101508,1124,1343.2,219.2,Brush Teeth
763.2,-377.6,-586.4,4,4,6,-32.12859699,-278.4472459,-257.027607,1140.8,1349.6,208.8,Brush Teeth
725.6,-344.8,-660,5,5,5,-186.5353331,-361.3309886,163.1201391,1070.4,1385.6,315.2,Brush Teeth
716,-268,-697.6,5,5,5,232.4949125,176.0843471,-476.0733887,984,1413.6,429.6,Brush Teeth
753.6,165.6,-331.2,4,2,3,146.3627098,1303.626978,672.4014395,588,1084.8,496.8,Brush Teeth
802.4,462.4,-175.2,5,4,4,224.900925,-13.38518819,463.1920064,340,977.6,637.6,Brush Teeth
816,472.8,-108,4,4,3,168.6752165,279.848721,1365.206743,343.2,924,580.8,Brush Teeth
829.6,480,-80,3,4,4,274.1537424,-43.1763682,1004.617312,349.6,909.6,560,Brush Teeth
856,360,-291.2,4,3,4,246.3190488,171.3521584,878.1804309,496,1147.2,651.2,Brush Teeth
866.4,288.8,-336,5,5,5,-180.7031812,-585.9227723,-433.3738786,577.6,1202.4,624.8,Brush Teeth
874.4,282.4,-332,5,4,6,35.03821621,411.8074043,459.9589951,592,1206.4,614.4,Brush Teeth
833.6,272.8,-392,4,5,3,-108.9442104,106.0293585,260.3587176,560.8,1225.6,664.8,Brush Teeth
778.4,592.8,65.6,4,5,6,20.14738315,245.7138652,-57.16148515,185.6,712.8,527.2,Brush Teeth
779.2,562.4,1.6,4,4,4,-41.64796844,-112.2054971,-388.2232682,216.8,777.6,560.8,Brush Teeth
813.6,525.6,-37.6,5,5,5,-165.1045271,-200.5478294,-185.5023123,288,851.2,563.2,Brush Teeth
640.8,696.8,265.6,5,2,2,-326.0895233,286.9538735,582.3891872,-56,375.2,431.2,Brush Teeth
174.4,552.8,-528,7,4,7,-588.8492002,-463.1494465,-2008.097751,-378.4,702.4,1080.8,Lower Arm
-319.2,436.8,-919.2,7,6,4,-514.0564137,-214.1902364,-160.642985,-756,600,1356,Inactive
-432,296,-952,1,0,1,-64.25702992,44.02796494,-141.6034548,-728,520,1248,Inactive
-950.4,41.6,-587.2,4,5,4,53.5476514,535.4755911,-85.67594076,-992,-363.2,628.8,Inactive
-563.2,411.2,-581.6,6,5,4,-668.3234895,-19.12416804,-533.3074823,-974.4,18.4,992.8,Inactive
83.2,610.4,-407.2,0,4,4,2022.298801,-174.3861851,798.3301498,-527.2,490.4,1017.6,Raise Arm
815.2,509.6,-69.6,5,5,5,-9.94537442,179.8940968,58.64592047,305.6,884.8,579.2,Brush Teeth
831.2,536.8,62.4,4,4,6,-58.31759083,272.5402805,-300.7383078,294.4,768.8,474.4,Brush Teeth
817.6,544,20.8,4,4,4,-65.04457478,3.50478745,-330.1833601,273.6,796.8,523.2,Brush Teeth
800,531.2,86.4,3,5,4,190.6446723,-24.56975555,644.9162015,268.8,713.6,444.8,Brush Teeth
768.8,576.8,170.4,5,4,4,-175.6321041,106.2020813,-227.9614568,192,598.4,406.4,Brush Teeth
811.2,565.6,149.6,4,2,5,-208.2225545,162.6062244,-1356.527585,245.6,661.6,416,Brush Teeth
770.4,572,100,4,6,5,9.433806319,-74.58440638,190.2192788,198.4,670.4,472,Brush Teeth
780.8,174.4,-492.8,4,5,7,96.13048376,-740.9961587,-1474.468276,606.4,1273.6,667.2,Brush Teeth
736.8,-4.8,-744.8,6,5,5,-140.2892105,-84.57367571,-350.7983055,741.6,1481.6,740,Brush Teeth
838.4,326.4,-194.4,3,4,4,450.2841686,815.5638909,1583.255963,512,1032.8,520.8,Brush Teeth
872,427.2,-85.6,6,6,5,62.25473483,78.71664878,303.5221045,444.8,957.6,512.8,Brush Teeth
872.8,398.4,-81.6,4,5,3,97.21021103,215.5001403,605.1892408,474.4,954.4,480,Brush Teeth
855.2,474.4,43.2,5,4,5,-326.0927111,-217.8191649,-315.5679018,380.8,812,431.2,Brush Teeth
836,563.2,11.2,4,6,6,-358.1493088,61.49570014,-421.9072426,272.8,824.8,552,Brush Teeth
719.2,598.4,-48.8,5,4,5,-169.6757094,13.39435024,-381.4422346,120.8,768,647.2,Brush Teeth
730.4,649.6,-41.6,5,4,5,-176.6350992,161.5329417,-561.0044011,80.8,772,691.2,Brush Teeth
705.6,699.2,184,6,4,5,-56.30272614,286.7864241,18.89933039,6.4,521.6,515.2,Brush Teeth
765.6,591.2,-16.8,4,3,6,128.5140496,171.3503434,214.1878985,174.4,782.4,608,Brush Teeth
779.2,523.2,-18.4,5,3,4,-128.6413494,7.013057852,-243.5116845,256,797.6,541.6,Brush Teeth
820,552,-30.4,5,5,5,108.2021878,-136.9926581,-348.5358169,268,850.4,582.4,Brush Teeth
805.6,504,-203.2,4,5,5,-221.4570875,-187.7986878,-617.5796332,301.6,1008.8,707.2,Brush Teeth
827.2,494.4,-200.8,5,2,5,59.41362255,220.2045281,-355.2707753,332.8,1028,695.2,Brush Teeth
824,477.6,-150.4,5,3,4,6.375570744,32.00083498,-136.4103544,346.4,974.4,628,Brush Teeth
823.2,497.6,12.8,4,4,4,110.9316059,-75.50734059,609.622725,325.6,810.4,484.8,Brush Teeth
806.4,523.2,203.2,4,3,4,188.0167637,124.7871462,461.2318161,283.2,603.2,320,Brush Teeth
803.2,497.6,-24,3,4,5,303.0595382,212.3409229,857.9401284,305.6,827.2,521.6,Brush Teeth
850.4,496.8,102.4,5,5,3,300.3765177,171.862099,934.9190471,353.6,748,394.4,Brush Teeth
844.8,440,-72.8,4,5,4,50.1109695,-42.4247705,843.786897,404.8,917.6,512.8,Brush Teeth
856,276.8,-193.6,5,3,5,-169.3121309,-825.1426249,-441.0009801,579.2,1049.6,470.4,Brush Teeth
805.6,-172.8,-615.2,5,5,4,91.11789649,243.8939988,-215.6409334,978.4,1420.8,442.4,Brush Teeth
775.2,-36,-720,5,6,4,31.77983477,-112.3918194,-7.417329038,811.2,1495.2,684,Brush Teeth
781.6,-79.2,-656,5,6,4,-17.2288797,-314.9520003,697.085539,860.8,1437.6,576.8,Brush Teeth
718.4,-215.2,-681.6,4,4,5,214.1900519,310.575689,-406.9608032,933.6,1400,466.4,Brush Teeth
749.6,-206.4,-668,4,4,5,343.7325934,116.037677,-386.2166009,956,1417.6,461.6,Brush Teeth
795.2,-299.2,-501.6,4,6,4,141.5198805,1.275305583,-144.3247222,1094.4,1296.8,202.4,Brush Teeth
800.8,-288,-560,4,4,5,-117.8057068,58.9022535,101.7415621,1088.8,1360.8,272,Brush Teeth
800,-240,-616,2,2,2,-301.6336059,-163.063105,24.79596273,1040,1416,376,Brush Teeth
-980,255.2,-161.6,3,4,6,20.09708394,-27.79818111,-100.1739254,-1235.2,-818.4,416.8,Inactive
-823.2,594.4,-332,3,2,6,1095.407754,617.0909838,-181.4202979,-1417.6,-491.2,926.4,Raise Arm
563.2,624,-80,1,5,3,992.9615489,-235.3147547,576.1491961,-60.8,643.2,704,Raise Arm
791.2,567.2,64.8,5,5,5,-160.6421697,-96.38517572,-53.54745144,224,726.4,502.4,Scratch Chin
1.6,763.2,56.8,9,4,5,-2160.13234,340.5368357,-183.2091222,-761.6,-55.2,706.4,Lower Arm
-1032,428.8,-217.6,2,4,3,61.87730057,-497.3968897,66.63691991,-1460.8,-814.4,646.4,Inactive
-328,881.6,-268,0,4,4,1628.053047,-736.0539839,-126.0723247,-1209.6,-60,1149.6,Raise Arm
641.6,280,-536,4,5,7,133.1317601,-393.7903616,-706.5271503,361.6,1177.6,816,Combing Hair
552,-150.4,-756.8,4,4,5,-276.7457181,-1050.702182,173.0939532,702.4,1308.8,606.4,Combing Hair
672.8,75.2,-573.6,4,4,6,358.3869916,433.3575582,-375.0848812,597.6,1246.4,648.8,Combing Hair
504,-452,-620.8,6,5,5,-631.8612591,-578.3099161,128.5153109,956,1124.8,168.8,Combing Hair
636,-776,-736,0,2,1,411.2451961,-171.3521276,463.7219031,1412,1372,-40,Combing Hair
-411.2,814.4,-506.4,3,4,4,38.46637685,-27.89734638,300.3548859,-1225.6,95.2,1320.8,Drawing
-400.8,815.2,-503.2,5,4,6,25.99219837,-55.79146641,-146.5366984,-1216,102.4,1318.4,Drawing
-400,808,-521.6,4,4,5,-16.06430619,240.9640852,433.7357902,-1208,121.6,1329.6,Drawing
-400.8,800.8,-556,4,4,3,21.8016307,-44.11295295,190.0943478,-1201.6,155.2,1356.8,Drawing
-408.8,845.6,-421.6,2,5,5,32.3833827,146.1346181,184.7680793,-1254.4,12.8,1267.2,Drawing
-420.8,875.2,-393.6,3,3,5,39.97518002,34.95898752,-54.45862347,-1296,-27.2,1268.8,Drawing
-407.2,858.4,-429.6,4,4,5,-118.4575631,60.29676252,12.48362909,-1265.6,22.4,1288,Drawing
-361.6,864,-449.6,4,4,6,146.6182631,53.03752917,-53.16519816,-1225.6,88,1313.6,Drawing
-424,856,-432.8,3,4,5,336.2110807,84.24248177,-84.26076761,-1280,8.8,1288.8,Drawing
-448,846.8571429,-421.7142857,4,4,4,-562.0907975,-138.5948563,-294.3117726,-1294.857143,-26.28571429,1268.571429,Drawing
-288.8,854.4,-529.6,4,5,4,-38.51791082,-116.7039644,-345.6745764,-1143.2,240.8,1384,Drawing
-312,792,-569.6,5,4,6,-21.22662305,564.0339134,1368.914113,-1104,257.6,1361.6,Drawing
-284,804,-604,4,5,4,76.56257008,-200.1421323,480.0955733,-1088,320,1408,Drawing
-246.4,818.4,-584.8,4,4,6,137.9486199,-281.5069803,-539.6825396,-1064.8,338.4,1403.2,Drawing
-285.6,854.4,-493.6,4,3,5,703.8729631,68.56544953,-384.4342889,-1140,208,1348,Drawing
-284.8,854.4,-479.2,5,6,3,-968.871618,136.5274034,257.0328344,-1139.2,194.4,1333.6,Drawing
-265.6,879.2,-476.8,4,4,4,352.4735763,59.57356563,-127.5768181,-1144.8,211.2,1356,Drawing
-401,813,-527,6,5,6,-200.8904815,-186.3207009,-244.5057371,-1214,126,1340,Drawing
-322.4,1008,-318.4,3,3,5,73.94917827,445.363836,-209.1702762,-1330.4,-4,1326.4,Inactive
459.2,506.4,-485.6,1,8,4,985.1454509,-1071.185518,-417.2229469,-47.2,944.8,992,Raise Arm
796.8,267.2,-505.6,5,6,4,-240.0710743,-356.7265853,-671.0010732,529.6,1302.4,772.8,Brush Teeth
719.2,132.8,-607.2,6,5,5,-184.7658753,-852.9763839,321.270038,586.4,1326.4,740,Brush Teeth
744,40.8,-715.2,5,5,5,-81.70140239,-575.0098817,252.5979413,703.2,1459.2,756,Brush Teeth
751.2,71.2,-656,4,4,5,-3.299262373,148.713302,39.41771783,680,1407.2,727.2,Brush Teeth
808.8,331.2,-413.6,4,4,4,-220.888573,218.2638842,124.2287293,477.6,1222.4,744.8,Brush Teeth
808.8,385.6,-385.6,5,5,4,53.92982996,385.7942888,417.1581595,423.2,1194.4,771.2,Brush Teeth
832.8,304,-396.8,5,4,3,130.2896283,383.4535269,772.2551933,528.8,1229.6,700.8,Brush Teeth
821.6,220.8,-484.8,5,4,5,-163.8609174,403.5006493,219.2114467,600.8,1306.4,705.6,Brush Teeth
748.8,12,-649.6,3,5,5,-9.824683335,-25.45900686,62.30496655,736.8,1398.4,661.6,Brush Teeth
784,79.2,-568.8,4,5,4,104.1132975,792.8846395,514.3230254,704.8,1352.8,648,Brush Teeth
790.4,336,-437.6,4,5,5,223.2143388,57.21778704,499.1231669,454.4,1228,773.6,Brush Teeth
853.6,244,-390.4,5,6,4,-21.17061451,-792.2287219,39.95744279,609.6,1244,634.4,Brush Teeth
876.8,18.4,-477.6,4,4,6,149.9326733,224.8975949,-396.2522758,858.4,1354.4,496,Brush Teeth
827.2,248,-477.6,5,5,3,-30.71599173,995.8099525,447.9712552,579.2,1304.8,725.6,Brush Teeth
819.2,303.2,-427.2,5,5,5,189.5326128,80.86565188,267.169671,516,1246.4,730.4,Brush Teeth
813.6,362.4,-373.6,4,4,6,231.3153979,159.2130832,411.4688422,451.2,1187.2,736,Brush Teeth
844,330.4,-401.6,4,5,4,-63.87467922,-1271.116082,-1865.748967,513.6,1245.6,732,Brush Teeth
883.2,17.6,-365.6,5,5,6,-198.1253535,10.70905038,-1788.478845,865.6,1248.8,383.2,Brush Teeth
800.8,40,-606.4,4,5,5,-32.12862776,-321.2853239,-321.2852316,760.8,1407.2,646.4,Brush Teeth
856.8,-16.8,-480.8,4,4,5,65.14967717,145.0924175,75.09455938,873.6,1337.6,464,Brush Teeth
830.4,-61.6,-512,5,6,3,201.3657619,263.1229373,-95.48237856,892,1342.4,450.4,Brush Teeth
847.2,226.4,-420.8,6,5,5,-239.3810993,-633.7652738,-1426.704231,620.8,1268,647.2,Brush Teeth
818.4,325.6,-407.2,5,5,4,83.2543691,-178.2330029,-644.9869898,492.8,1225.6,732.8,Brush Teeth
808.8,226.4,-439.2,4,6,4,-53.46555564,-720.8832609,-264.7535824,582.4,1248,665.6,Brush Teeth
800,22.4,-604.8,4,5,4,-108.922531,-258.2075197,404.9630454,777.6,1404.8,627.2,Brush Teeth
789.6,52.8,-624,5,5,4,-115.1273155,346.2746607,-274.8790351,736.8,1413.6,676.8,Brush Teeth
765.6,464.8,-324,5,2,4,-248.3445297,801.9143438,19.99795,300.8,1089.6,788.8,Brush Teeth
617.6,388,-692,3,5,5,73.14740631,-698.4251728,-218.6005447,229.6,1309.6,1080,Brush Teeth
636.8,438.4,-672.8,4,4,4,64.7671624,51.12684141,189.9650175,198.4,1309.6,1111.2,Brush Teeth
771.2,14.4,-566.4,4,5,4,254.9876102,259.067819,195.8295467,756.8,1337.6,580.8,Brush Teeth
837.6,-106.4,-476.8,4,4,5,-196.257559,289.836308,21.55931109,944,1314.4,370.4,Brush Teeth
835.2,19.2,-557.6,4,5,5,208.2186686,-104.9290336,128.0174885,816,1392.8,576.8,Brush Teeth
809.6,-38.4,-571.2,3,4,5,-64.38483222,246.5747655,47.29968461,848,1380.8,532.8,Brush Teeth
843.2,-37.6,-504.8,3,4,5,14.27919528,503.344933,257.0280069,880.8,1348,467.2,Brush Teeth
835.2,-71.2,-432,5,4,5,-144.1960487,285.4588176,247.4630044,906.4,1267.2,360.8,Brush Teeth
767.2,192.8,-615.2,4,5,3,-15.37541414,273.0722329,-0.490603878,574.4,1382.4,808,Brush Teeth
796,84.8,-540,6,6,5,-31.61862566,-171.7347061,-41.69006575,711.2,1336,624.8,Brush Teeth
112,620.8,-277.6,6,4,4,-356.0292209,-130.1306194,-330.8866905,-508.8,389.6,898.4,Lower Arm
-476,906.4,23.2,5,5,3,155.286814,-101.7410391,428.3794885,-1382.4,-499.2,883.2,Inactive
-480.8,849.6,389.6,4,5,5,235.8926495,-102.7306885,245.0844722,-1330.4,-870.4,460,Inactive
-472,856,528,1,0,0,-70.30085901,127.4947782,78.6416389,-1328,-1000,328,Inactive
-40,909.6,-41.6,1,5,7,989.2158598,-941.0436031,-525.2796294,-949.6,1.6,951.2,Raise Arm
793.6,140,-497.6,4,4,4,594.3787983,449.8013423,1210.177112,653.6,1291.2,637.6,Brush Teeth
848,36.8,-484.8,4,4,5,231.0208717,-63.48908377,858.9317742,811.2,1332.8,521.6,Brush Teeth
764,-64.8,-652,5,4,5,-89.14562218,11.14901836,314.1874477,828.8,1416,587.2,Brush Teeth
792.8,-53.6,-644.8,4,4,4,-161.4070301,-516.8562717,302.8011489,846.4,1437.6,591.2,Brush Teeth
865.6,11.2,-347.2,4,4,3,311.3787662,647.3397915,1293.424675,854.4,1212.8,358.4,Brush Teeth
816,200.8,-457.6,5,4,3,70.09985203,708.4390966,1249.571164,615.2,1273.6,658.4,Brush Teeth
823.2,303.2,-428,4,5,5,26.00788461,76.11865902,576.1230146,520,1251.2,731.2,Brush Teeth
828.8,353.6,-397.6,5,5,5,-103.2501942,-423.5744403,-1359.970501,475.2,1226.4,751.2,Brush Teeth
804,2.4,-568,4,5,6,260.1786238,247.7771886,-584.9537654,801.6,1372,570.4,Brush Teeth
844,-26.4,-575.2,5,3,5,-138.9563284,-245.5788773,-23.27167893,870.4,1419.2,548.8,Brush Teeth
817.6,73.6,-541.6,5,5,5,26.09289402,119.2899825,-675.3769565,744,1359.2,615.2,Brush Teeth
853.6,219.2,-467.2,4,5,4,-176.2511338,-395.1110149,-820.6044539,634.4,1320.8,686.4,Brush Teeth
841.6,24,-481.6,4,5,5,136.0694967,474.2174105,-88.71319277,817.6,1323.2,505.6,Brush Teeth
811.2,103.2,-480,5,5,5,146.4622236,303.9313217,-263.9708444,708,1291.2,583.2,Brush Teeth
842.4,261.6,-414.4,6,3,4,37.82848855,11.66102225,25.49810736,580.8,1256.8,676,Brush Teeth
851.2,372.8,-272,4,4,4,574.5686563,240.5397177,979.4119834,478.4,1123.2,644.8,Brush Teeth
877.6,171.2,-429.6,3,4,5,270.6700294,538.5351958,1234.781779,706.4,1307.2,600.8,Brush Teeth
871.2,199.2,-298.4,6,5,4,-234.5686084,242.9041094,865.5828439,672,1169.6,497.6,Brush Teeth
900.8,-108,-468.8,6,6,6,-279.1989015,-326.2906986,-433.8302639,1008.8,1369.6,360.8,Brush Teeth
782.4,270.4,-436.8,5,3,3,159.4942443,1197.4238,472.8748433,512,1219.2,707.2,Brush Teeth
541.6,668,-328,4,4,4,101.8281774,375.3984124,140.8917658,-126.4,869.6,996,Brush Teeth
583.2,720,-332,5,5,5,-356.4723645,-792.2446684,-586.8528357,-136.8,915.2,1052,Brush Teeth
540.8,648.8,-360.8,6,4,3,-209.9878516,270.0922522,561.0434863,-108,901.6,1009.6,Brush Teeth
-163.2,982.4,-278.4,6,5,5,-654.0798124,198.4955774,-199.570242,-1145.6,115.2,1260.8,Lower Arm
-327.1111111,888.8888889,-403.5555556,3,2,4,43.70119116,139.8577545,139.8869878,-1216,76.44444444,1292.444444,Inactive
57.6,740.8,-140.8,3,6,2,961.4385726,-2050.113115,193.4102653,-683.2,198.4,881.6,Raise Arm
898.4,63.2,-164,3,2,4,586.5271492,910.3792634,531.473057,835.2,1062.4,227.2,Scratch Chin
782.4,387.2,28.8,5,4,3,-499.3516418,62.36433137,-46.76049577,395.2,753.6,358.4,Scratch Chin
-341.6,1068,92,5,4,5,-953.7837282,-117.6772072,-183.9751977,-1409.6,-433.6,976,Lower Arm
246.4,514.4,-134.4,1,6,4,1414.133983,-1953.509528,-822.0176341,-268,380.8,648.8,Raise Arm
852.8,-304.8,-405.6,4,3,5,-21.43634337,610.5818808,35.55268755,1157.6,1258.4,100.8,Scratch Chin
774.4,548,2.4,4,6,5,-65.02257217,-55.71437738,18.61467052,226.4,772,545.6,Scratch Chin
591.2,619.2,36.8,7,2,5,-1052.918514,410.1548661,-579.8481221,-28,554.4,582.4,Scratch Chin
-586,956,-68,5,5,3,-648.2238847,-312.3865542,49.34925331,-1542,-518,1024,Lower Arm
44,876,30.4,2,4,6,1157.180244,-1403.525458,-1134.47926,-832,13.6,845.6,Raise Arm
556,-111.2,-729.6,6,6,4,-310.9815396,-713.9862738,-148.9520769,667.2,1285.6,618.4,Combing Hair
668,-390.4,-596,4,4,4,527.6702182,797.7937323,33.59188598,1058.4,1264,205.6,Combing Hair
516.8,-260.8,-715.2,5,7,4,-383.4754197,-1030.733883,250.6283519,777.6,1232,454.4,Combing Hair
336.8,177.6,-160,5,3,3,-1268.503364,2286.564656,884.7886963,159.2,496.8,337.6,Lower Arm
-570.2857143,1072,78.85714286,1,4,2,282.0219212,-615.5134877,181.8362935,-1642.285714,-649.1428571,993.1428571,Inactive
-250.4,984.8,-169.6,4,4,6,-90.35689035,54.82640314,-127.1399236,-1235.2,-80.8,1154.4,Inactive
-348.8,944,-203.2,3,3,5,-16.46590838,5.099694795,19.96796497,-1292.8,-145.6,1147.2,Inactive
-21.6,865.6,-271.2,1,6,5,1152.944582,-1598.218933,-310.1337714,-887.2,249.6,1136.8,Raise Arm
728.8,-463.2,-529.6,3,5,4,289.798134,110.8003517,453.9939945,1192,1258.4,66.4,Combing Hair
563.4285714,-446.8571429,-109.7142857,5,3,2,-440.4273021,960.8528792,1090.458134,1010.285714,673.1428571,-337.1428571,Combing Hair
-269.6,910.4,-416.8,3,5,3,86.98608946,167.2701875,39.26912141,-1180,147.2,1327.2,Drawing
-289.6,907.2,-428,5,5,5,-75.85910326,-8.162790103,-93.71336329,-1196.8,138.4,1335.2,Drawing
-327.2,892.8,-432.8,5,4,5,83.04193094,71.32659818,-282.2559654,-1220,105.6,1325.6,Drawing
-308.8,836.8,-484.8,3,3,6,32.63859617,-69.48450687,-239.9460894,-1145.6,176,1321.6,Drawing
-316,910.4,-377.6,4,5,6,-106.3302689,-93.83691875,-47.55498838,-1226.4,61.6,1288,Drawing
-320,907.2,-444.8,5,5,5,16.66655342,156.1871594,97.85670538,-1227.2,124.8,1352,Drawing
-313.6,901.6,-395.2,6,4,3,163.0221977,17.7638991,-232.5187917,-1215.2,81.6,1296.8,Drawing
-306.4,908,-335.2,5,5,5,-59.41190566,-94.34452974,-114.6142113,-1214.4,28.8,1243.2,Drawing
-321.6,916.8,-345.6,3,4,5,27.5576584,207.4403983,762.790403,-1238.4,24,1262.4,Drawing
-333.6,928,-288.8,6,4,4,-171.0974342,-27.66626082,-45.77159367,-1261.6,-44.8,1216.8,Drawing
-340.8,921.6,-360,3,4,4,22.56702939,-45.64359652,-10.32585882,-1262.4,19.2,1281.6,Drawing
-337.6,921.6,-308,5,4,5,-101.9466579,-22.5662361,2.073637428,-1259.2,-29.6,1229.6,Drawing
-327.2,940,-247.2,2,5,3,160.3875547,-277.2999477,216.2299871,-1267.2,-80,1187.2,Drawing
-248,924,-388,1,1,2,8.42178095,57.95141138,-204.495883,-1172,140,1312,Drawing
