1569569369,40,32,-968
1569569409,0,968,-336
1569569449,16,960,-304
1569569489,0,952,-384
1569569529,-16,968,-320
1569569695,0,952,-392
1569569748,-32,952,-376
1569569781,-24,960,-320
1569569818,16,976,-312
1569569859,8,984,-280
1569569899,0,960,-384
1569569940,-8,936,-432
1569569981,-8,936,-416
1569570022,0,944,-392
1569570063,-16,1000,-280
1569570103,-8,984,-288
1569570144,-32,976,-312
1569570185,-24,952,-424
1569570226,-16,944,-368
1569570267,-8,952,-352
1569570307,-24,968,-336
1569570348,-48,960,-312
1569570389,-24,984,-336
1569570430,0,952,-360
1569570471,-8,952,-344
1569570511,-40,960,-296
1569570552,-32,968,-232
1569570593,-8,1008,-200
1569570634,0,1088,-128
1569570675,8,1088,-48
1569570715,8,1080,-40
1569570756,0,1048,-48
1569570797,-16,952,-136
1569570838,-48,1008,-352
1569570879,-40,944,-424
1569570919,-16,928,-416
1569570960,-8,960,-328
1569571001,16,936,-416
1569571042,0,896,-440
1569571083,-8,888,-480
1569571123,16,896,-472
1569571164,0,936,-416
1569571206,-32,928,-408
1569571247,-40,952,-456
1569571288,-24,936,-440
1569571328,-16,968,-320
1569571369,-24,976,-384
1569571410,-16,968,-320
1569571451,0,952,-400
1569571492,0,904,-408
1569571532,0,928,-368
1569571573,-8,928,-360
1569571614,-16,960,-328
1569571655,-32,944,-304
1569571696,-24,936,-384
1569571737,-32,960,-376
1569571777,-16,952,-376
1569571818,-48,944,-344
1569571859,-64,928,-400
1569571900,-48,952,-304
1569571940,-16,928,-336
1569571981,-48,936,-344
1569572022,-40,960,-336
1569572063,-80,1024,-216
1569572104,-72,1072,-128
1569572144,-24,1056,-184
1569572184,-32,1032,-296
1569572224,-32,1000,-376
1569572264,-24,968,-496
1569572430,-16,696,-552
1569572471,-56,768,-656
1569572512,-40,752,-744
1569572552,-40,744,-680
1569572593,-40,784,-632
1569572634,-32,816,-600
1569572675,-32,808,-592
1569572716,-24,800,-600
1569572756,-16,832,-600
1569572797,-24,832,-576
1569572838,-16,840,-568
1569572879,-8,840,-568
1569572920,-24,848,-552
1569572960,-32,840,-552
1569573001,-40,832,-560
1569573042,-32,832,-560
1569573083,-32,832,-568
1569573124,-24,824,-568
1569573165,-32,832,-592
1569573206,-24,848,-512
1569573247,-16,888,-416
1569573288,-16,936,-392
1569573329,0,960,-352
1569573370,8,936,-424
1569573410,0,936,-408
1569573451,-8,944,-400
1569573492,24,944,-408
1569573533,0,944,-384
1569573574,0,936,-408
1569573614,-8,912,-416
1569573655,0,968,-392
1569573696,-8,936,-424
1569573737,8,936,-400
1569573778,0,928,-424
1569573819,-8,912,-416
1569573859,-32,936,-352
1569573900,-16,968,-352
1569573941,0,952,-384
1569573982,0,952,-416
1569574023,0,952,-392
1569574063,0,952,-384
1569574104,16,952,-416
1569574145,8,944,-368
1569574186,32,944,-376
1569574227,32,960,-352
1569574267,0,968,-344
1569574308,0,968,-368
1569574349,-8,944,-400
1569574390,-16,936,-392
1569574431,-16,952,-376
1569574472,-16,960,-376
1569574512,-16,960,-392
1569574553,-16,944,-376
1569574594,-24,936,-392
1569574635,-16,944,-360
1569574676,-16,952,-360
1569574716,-16,960,-352
1569574757,-16,960,-376
1569574798,-16,944,-392
1569574839,-16,944,-392
1569574880,-16,936,-392
1569574920,-16,904,-432
1569574960,-40,920,-424
1569575000,-16,896,-448
1569575165,-8,928,-408
1569575206,-8,928,-400
1569575248,0,928,-408
1569575289,-8,928,-408
1569575329,-8,928,-400
1569575370,-8,928,-408
1569575411,-8,936,-408
1569575452,-8,936,-424
1569575493,-8,944,-408
1569575534,-8,944,-416
1569575574,0,928,-416
1569575615,0,936,-424
1569575656,0,928,-408
1569575697,-8,928,-408
1569575738,-8,936,-416
1569575778,0,936,-408
1569575819,0,936,-432
1569575860,-8,928,-432
1569575901,0,920,-432
1569575942,-8,920,-448
1569575982,-16,928,-424
1569576023,-8,936,-424
1569576064,-8,928,-424
1569576105,-8,928,-440
1569576146,-8,920,-440
1569576186,-8,928,-432
1569576227,0,920,-440
1569576268,0,920,-448
1569576309,0,912,-456
1569576350,0,912,-432
1569576390,-8,920,-440
1569576431,-8,920,-440
1569576472,-8,920,-424
1569576513,0,912,-456
1569576554,0,912,-440
1569576594,0,920,-424
1569576635,0,920,-440
1569576676,0,928,-432
1569576717,0,912,-432
1569576758,-8,904,-448
1569576798,-8,888,-440
1569576839,-8,904,-440
1569576880,-8,920,-440
1569576921,-16,904,-448
1569576962,-8,912,-440
1569577002,-8,920,-440
1569577043,-8,912,-448
1569577084,0,920,-448
1569577125,-8,912,-432
1569577166,-8,920,-432
1569577207,0,920,-440
1569577248,0,912,-440
1569577289,0,920,-440
1569577330,0,920,-440
1569577371,-8,912,-448
1569577412,-8,920,-440
1569577452,-8,920,-448
1569577493,-8,920,-440
1569577534,-8,928,-440
1569577575,-16,912,-432
1569577616,-8,912,-440
1569577656,0,888,-448
1569577696,16,872,-432
1569577736,8,888,-432
1569577901,-16,928,-384
1569577942,8,936,-408
1569577983,16,944,-392
1569578023,16,936,-376
1569578064,16,936,-408
1569578105,8,944,-392
1569578146,8,952,-368
1569578187,8,944,-392
1569578227,16,944,-392
1569578268,8,944,-384
1569578309,8,936,-408
1569578350,8,944,-408
1569578391,8,936,-400
1569578431,8,936,-408
1569578472,8,936,-408
1569578513,8,936,-400
1569578554,16,936,-408
1569578594,8,928,-400
1569578635,8,928,-408
1569578676,8,936,-392
1569578717,16,928,-440
1569578758,24,928,-416
1569578798,16,928,-424
1569578839,16,944,-408
1569578880,16,936,-424
1569578921,16,936,-408
1569578962,8,928,-416
1569579002,8,928,-432
1569579043,8,936,-424
1569579084,0,920,-416
1569579125,0,920,-416
1569579166,0,936,-424
1569579206,8,936,-416
1569579248,8,936,-400
1569579289,0,928,-424
1569579330,0,928,-400
1569579370,8,936,-416
1569579411,8,928,-416
1569579452,0,936,-408
1569579493,0,936,-400
1569579534,8,936,-408
1569579574,8,936,-408
1569579615,8,928,-416
1569579656,8,936,-424
1569579697,8,936,-424
1569579738,16,936,-424
1569579778,0,936,-408
1569579819,0,928,-416
1569579860,0,920,-408
1569579901,16,928,-408
1569579942,8,928,-408
1569579982,8,928,-408
1569580023,0,928,-408
1569580064,0,928,-408
1569580105,0,936,-392
1569580146,0,920,-432
1569580187,8,936,-424
1569580227,8,936,-384
1569580268,8,944,-408
1569580309,8,944,-408
1569580350,16,936,-392
1569581003,0,928,-400
1569581043,8,928,-416
1569581084,0,928,-424
1569581125,0,928,-440
1569581166,8,936,-416
1569581207,0,936,-416
1569581248,0,928,-424
1569581289,8,928,-408
1569581330,0,928,-432
1569581371,-8,920,-416
1569581412,-8,920,-424
1569581452,0,928,-416
1569581493,0,928,-416
1569581534,-8,928,-432
1569581575,-8,928,-416
1569581616,-8,920,-408
1569581661,0,920,-384
1569581701,0,928,-424
1569581741,8,944,-408
1569581781,8,936,-448
1569581942,8,920,-408
1569581983,0,920,-408
1569582024,8,928,-416
1569582065,0,936,-424
1569582105,8,936,-424
1569582146,0,936,-408
1569582187,0,936,-408
1569582228,-8,928,-416
1569582269,0,928,-424
1569582309,8,928,-432
1569582350,0,928,-424
1569582391,0,928,-424
1569582432,0,920,-424
1569582473,0,928,-432
1569582513,8,928,-424
1569582554,0,928,-400
1569582595,-8,936,-416
1569582636,0,928,-432
1569582677,-8,928,-424
1569582717,0,928,-416
1569582758,0,936,-424
1569582799,0,928,-424
1569582839,-8,928,-424
1569582881,-8,928,-432
1569582921,-8,920,-416
1569582962,0,920,-424
1569583003,0,928,-416
1569583044,-8,928,-408
1569583085,-8,936,-408
1569583125,0,944,-424
1569583166,-8,936,-424
1569583207,-8,928,-424
1569583248,0,928,-432
1569583289,-8,928,-416
1569583330,0,928,-440
1569583371,0,928,-424
1569583412,0,936,-400
1569583453,0,928,-424
1569583494,0,920,-408
1569583534,-8,928,-416
1569583575,-8,928,-408
1569583616,0,928,-416
1569583657,0,928,-416
1569583697,0,928,-416
1569583738,0,936,-416
1569583779,-8,944,-416
1569583820,-8,936,-416
1569583861,0,936,-432
1569583903,0,904,-376
1569583942,-24,928,-376
1569583983,-16,936,-424
1569584024,-8,936,-424
1569584064,24,936,-448
1569584106,-8,944,-400
1569584146,-8,928,-408
1569584187,-8,968,-416
1569584228,-16,960,-456
1569584269,-8,936,-440
1569584309,-8,952,-448
1569584351,-8,944,-424
1569584391,-16,928,-360
1569584431,-8,952,-432
1569584471,-24,928,-440
1569584511,-32,928,-408
1569584677,-16,920,-424
1569584718,-8,920,-424
1569584758,-8,912,-400
1569584799,-24,920,-416
1569584840,-16,904,-424
1569584881,-8,928,-408
1569584922,-16,928,-376
1569584963,-16,944,-408
1569585004,0,936,-384
1569585044,-16,928,-440
1569585085,-8,936,-392
1569585126,-8,936,-440
1569585167,-8,912,-456
1569585208,-8,936,-408
1569585248,-16,928,-400
1569585289,-24,936,-416
1569585331,-16,936,-400
1569585371,-8,936,-392
1569585412,-48,912,-424
1569585453,-8,928,-408
1569585494,-8,928,-416
1569585536,32,952,-424
1569585576,24,936,-448
1569585616,8,928,-424
1569585657,-8,928,-416
1569585698,-80,968,-480
1569585739,-40,976,-448
1569585780,-32,960,-392
1569585821,-24,944,-424
1569585862,-16,944,-400
1569585902,-16,960,-432
1569585943,-24,920,-376
1569585984,-16,920,-432
1569586025,-8,936,-440
1569586065,0,944,-432
1569586106,-24,952,-408
1569586147,-8,944,-432
1569586188,-8,920,-400
1569586229,0,920,-424
1569586269,0,912,-424
1569586310,0,912,-400
1569586351,-8,912,-432
1569586392,-8,928,-408
1569586433,8,920,-408
1569586473,8,928,-408
1569586514,8,912,-384
1569586555,0,920,-416
1569586596,8,936,-344
1569586636,-8,936,-376
1569586677,-8,944,-400
1569586718,8,928,-424
1569586759,-16,936,-408
1569586800,-8,936,-392
1569586840,8,920,-456
1569586882,-8,936,-400
1569586922,-8,936,-416
1569586963,-8,960,-464
1569587004,8,952,-400
1569587045,0,944,-416
1569587085,-16,936,-416
1569587126,-8,904,-352
1569587166,8,936,-416
1569587206,-8,904,-424
1569587246,-24,912,-464
1569587413,0,904,-400
1569587454,-16,920,-392
1569587495,-16,936,-432
1569587535,-32,936,-408
1569587576,-24,936,-408
1569587617,-8,944,-384
1569587658,-8,952,-424
1569587699,0,960,-408
1569587739,0,968,-368
1569587780,0,960,-408
1569587821,-8,952,-312
1569587862,8,920,-400
1569587903,16,936,-416
1569587943,-40,936,-352
1569587984,-24,936,-400
1569588025,-16,936,-408
1569588066,0,944,-392
1569588107,0,944,-416
1569588148,8,928,-424
1569588188,24,928,-408
1569588229,0,936,-416
1569588270,0,952,-424
1569588311,-40,928,-432
1569588351,0,936,-432
1569588392,-8,936,-368
1569588433,32,944,-416
1569588474,16,960,-360
1569588515,24,944,-376
1569588556,16,952,-344
1569588596,8,944,-424
1569588637,16,936,-408
1569588678,16,928,-432
1569588719,24,928,-384
1569588760,16,936,-408
1569588801,8,936,-440
1569588841,-8,952,-424
1569588882,0,936,-480
1569588923,16,952,-408
1569588964,0,944,-400
1569589004,0,960,-400
1569589046,0,952,-400
1569589086,8,944,-416
1569589127,-8,944,-376
1569589168,-8,944,-408
1569589209,-8,952,-384
1569589249,0,952,-408
1569589290,0,936,-384
1569589331,8,928,-392
1569589373,0,936,-392
1569589414,0,960,-352
1569589454,0,952,-416
1569589495,8,936,-424
1569589536,8,944,-400
1569589577,0,952,-384
1569589618,8,952,-400
1569589658,-8,952,-360
1569589699,0,944,-416
1569589740,0,952,-408
1569589781,8,944,-400
1569589822,8,936,-384
1569589862,0,936,-400
1569589902,-16,936,-392
1569589942,-8,944,-416
1569589982,-16,944,-416
1569590148,-8,936,-368
1569590189,-8,944,-384
1569590230,8,928,-392
1569590270,-8,920,-392
1569590311,0,928,-408
1569590352,8,936,-384
1569590393,8,928,-416
1569590434,8,944,-408
1569590474,0,952,-392
1569590515,0,920,-416
1569590556,8,936,-392
1569590597,0,936,-384
1569590637,8,928,-384
1569590678,-8,944,-416
1569590719,16,952,-376
1569590760,16,920,-400
1569590801,8,904,-416
1569590842,16,928,-416
1569590882,8,928,-360
1569590923,8,960,-384
1569590964,0,960,-432
1569591005,-16,944,-408
1569591046,-8,960,-408
1569591086,0,936,-400
1569591127,16,952,-424
1569591168,8,952,-392
1569591209,8,952,-392
1569591250,-8,952,-384
1569591290,-16,936,-448
1569591331,-8,952,-408
1569591373,8,936,-408
1569591414,-8,920,-384
1569591455,0,920,-384
1569591495,0,928,-376
1569591536,8,952,-392
1569591577,0,944,-392
1569591618,0,968,-376
1569591659,8,952,-384
1569591699,0,928,-392
1569591740,0,928,-400
1569591781,-16,944,-408
1569591822,-8,936,-384
1569591863,-16,912,-408
1569591903,-8,936,-376
1569591944,8,944,-384
1569591985,8,944,-432
1569592026,8,936,-368
1569592067,8,944,-408
1569592107,16,928,-408
1569592148,8,928,-416
1569592189,8,952,-368
1569592230,40,952,-408
1569592271,16,952,-376
1569592311,16,952,-392
1569592352,24,944,-384
1569592393,8,952,-392
1569592434,8,960,-392
1569592475,8,952,-448
1569592515,8,952,-400
1569592556,8,936,-392
1569592597,-16,936,-416
1569593250,24,1072,-280
1569593291,-8,1000,-296
1569593332,24,1008,-312
1569593373,80,936,-424
1569593414,176,808,-504
1569593455,160,784,-456
1569593496,56,1072,-424
1569593537,72,1088,-304
1569593578,48,1000,-168
1569593618,0,928,-328
1569593659,48,984,-472
1569593700,128,952,-416
1569593741,128,936,-448
1569593781,72,968,-424
1569593822,64,952,-456
1569593863,40,952,-400
1569593911,32,928,-456
1569593951,24,936,-352
1569593991,32,912,-496
1569594031,40,872,-504
1569594189,40,936,-456
1569594238,40,936,-424
1569594277,24,896,-480
1569594312,32,880,-528
1569594353,56,880,-496
1569594393,48,896,-448
1569594434,88,896,-504
1569594475,112,880,-552
1569594516,72,912,-440
1569594557,72,904,-440
1569594598,48,904,-432
1569594639,56,880,-528
1569594679,48,872,-488
1569594720,64,936,-384
1569594761,88,936,-424
1569594802,88,936,-456
1569594842,80,896,-432
1569594883,40,912,-424
1569594924,24,976,-384
1569594965,64,928,-592
1569595006,80,888,-424
1569595047,96,928,-432
1569595087,104,880,-536
1569595128,88,936,-400
1569595169,64,896,-424
1569595210,72,872,-488
1569595251,80,936,-456
1569595292,64,928,-496
1569595333,80,936,-416
1569595373,96,904,-520
1569595414,88,960,-384
1569595456,80,944,-392
1569595496,64,888,-480
1569595537,64,936,-440
1569595578,72,896,-464
1569595619,88,904,-472
1569595660,88,872,-560
1569595700,88,944,-320
1569595741,96,904,-488
1569595782,64,888,-480
1569595823,64,888,-440
1569595864,80,904,-456
1569595905,96,928,-400
1569595945,104,912,-440
1569595986,104,896,-512
1569596027,88,944,-352
1569596068,72,896,-496
1569596108,64,888,-480
1569596149,64,888,-464
1569596190,96,912,-448
1569596231,96,928,-440
1569596271,96,872,-592
1569596312,88,920,-368
1569596353,80,880,-456
1569596394,56,872,-416
1569596435,56,912,-448
1569596475,96,912,-408
1569596516,120,920,-408
1569596557,128,888,-528
1569596598,112,928,-416
1569596639,80,928,-408
1569596679,104,880,-504
1569596719,64,904,-416
1569596759,88,904,-432
1569596924,80,904,-440
1569596965,88,904,-472
1569597016,72,864,-352
1569597058,88,872,-456
1569597094,96,920,-408
1569597128,112,896,-480
1569597169,128,896,-512
1569597210,88,928,-424
1569597250,80,888,-488
1569597292,80,920,-376
1569597332,112,896,-472
1569597373,120,912,-424
1569597414,120,912,-456
1569597456,96,912,-464
1569597497,128,888,-464
1569597537,112,840,-496
1569597578,88,880,-472
1569597619,96,864,-432
1569597660,128,856,-456
1569597700,112,936,-384
1569597741,112,896,-416
1569597782,104,904,-536
1569597825,112,888,-488
1569597864,88,856,-520
1569597904,88,880,-416
1569597945,96,912,-392
1569597986,112,920,-416
1569598027,104,896,-464
1569598067,104,896,-384
1569598108,128,936,-352
1569598149,120,848,-560
1569598190,80,856,-440
1569598231,64,880,-440
1569598271,88,968,-368
1569598312,120,912,-464
1569598353,112,952,-440
1569598394,96,920,-472
1569598435,64,912,-352
1569598475,72,880,-504
1569598516,72,904,-448
1569598557,80,952,-384
1569598598,104,928,-464
1569598639,64,920,-512
1569598679,80,920,-408
1569598720,56,896,-448
1569598761,40,896,-456
1569598802,56,928,-448
1569598843,96,952,-320
1569598884,104,904,-496
1569598924,120,912,-496
1569598965,96,936,-376
1569599006,72,880,-520
1569599047,48,920,-448
1569599088,72,920,-432
1569599129,104,928,-408
1569599169,104,896,-456
1569599210,88,896,-488
1569599251,88,952,-392
1569599292,72,880,-512
1569599332,40,896,-472
1569599373,56,872,-488
1569599413,80,888,-400
1569599453,96,912,-440
1569599493,96,872,-568
1569599660,72,904,-456
1569599701,88,920,-408
1569599742,72,904,-440
1569599782,88,864,-560
1569599823,104,896,-376
1569599864,80,880,-512
1569599905,56,856,-496
1569599946,40,872,-464
1569599987,56,872,-472
1569600027,80,888,-432
1569600068,80,888,-512
1569600109,112,920,-448
1569600150,96,920,-440
1569600191,64,856,-584
1569600231,56,856,-464
1569600272,64,920,-400
1569600313,80,952,-376
1569600354,96,904,-488
1569600395,80,896,-488
1569600436,72,920,-400
1569600476,24,872,-528
1569600517,48,896,-480
1569600558,80,880,-480
1569600599,96,904,-408
1569600640,104,912,-432
1569600680,96,912,-512
1569600721,72,944,-344
1569600762,40,920,-544
1569600803,48,896,-464
1569600844,56,904,-432
1569600884,80,912,-424
1569600925,96,920,-528
1569600966,72,912,-440
1569601007,64,864,-560
1569601048,72,936,-400
1569601088,80,944,-376
1569601129,88,944,-424
1569601170,112,888,-520
1569601211,96,880,-528
1569601252,80,872,-544
1569601292,96,904,-480
1569601333,128,1040,-312
1569601374,128,1032,-64
1569601415,88,1040,136
1569601456,80,1000,0
1569601497,-24,1120,-176
1569601538,-32,1216,-96
1569601579,88,1048,248
1569601620,256,904,200
1569601660,224,768,-64
1569601701,64,1040,-16
1569601742,-56,976,-408
1569601783,-152,1128,-320
1569601824,-144,1120,-176
1569601864,-104,992,-280
1569601905,-56,1072,-384
1569601946,-40,1008,-288
1569601987,-40,992,-248
1569602028,-48,1000,-200
1569602069,-48,968,-192
1569602109,-56,1008,-256
1569602149,-24,992,-256
1569602189,-40,1040,-184
1569602229,-64,1032,-272
1569602395,-56,1008,-184
1569602436,-64,1008,-232
1569602477,-72,1024,-256
1569602517,-80,1008,-248
1569602558,-80,1008,-232
1569602599,-64,1000,-192
1569602640,-48,1008,-216
1569602681,-64,1008,-208
1569602721,-64,992,-216
1569602762,-72,1008,-200
1569602803,-56,1024,-224
1569602844,-64,1000,-232
1569602884,-56,1000,-224
1569602925,-64,1000,-216
1569602966,-64,1008,-200
1569603007,-64,1008,-216
1569603047,-64,1016,-312
1569603088,-80,1008,-224
1569603129,-64,1008,-200
1569603170,-48,1024,-232
1569603211,-64,1008,-200
1569603251,-72,1008,-240
1569603292,-64,1000,-264
1569603333,-64,1000,-224
1569603374,-72,1016,-256
1569603415,-80,1016,-224
1569603456,-56,1008,-168
1569603497,-64,1024,-192
1569603538,-72,992,-248
1569603579,-72,1000,-224
1569603620,-48,1000,-216
1569603661,-40,1016,-216
1569603701,-40,1024,-176
1569603742,-32,1024,-216
1569603783,-72,1000,-168
1569603824,-72,1008,-200
1569603865,-72,1008,-200
1569603905,-64,992,-232
1569603946,-64,1008,-224
1569603987,-56,1008,-200
1569604028,-32,1024,-184
1569604069,-56,1024,-224
1569604109,-64,1000,-224
1569604150,-64,984,-208
1569604191,-56,1008,-200
1569604232,-48,1000,-152
1569604273,-48,1000,-224
1569604313,-56,1000,-200
1569604354,-48,1016,-184
1569604395,-48,1032,-160
1569604436,-48,1016,-208
1569604477,-64,1008,-152
1569604517,-56,1016,-240
1569604558,-56,1024,-176
1569604599,-64,1016,-144
1569604640,-64,1016,-208
1569604681,-56,1008,-216
1569604721,-64,1016,-192
1569604762,-56,1016,-176
1569604803,-56,1024,-232
1569604844,-56,1000,-160
1569605498,-48,1000,-200
1569605538,-72,992,-208
1569605579,-72,1000,-160
1569605620,-64,1008,-192
1569605661,-56,1024,-152
1569605702,-48,1016,-176
1569605742,-48,1016,-176
1569605783,-64,1008,-192
1569605824,-64,1008,-192
1569605865,-48,1016,-184
1569605906,-56,1000,-216
1569605946,-56,1016,-168
1569605987,-64,992,-160
1569606028,-64,992,-160
1569606069,-64,1000,-192
1569606109,-64,976,-248
1569606156,-64,1000,-208
1569606196,-64,1008,-176
1569606236,-48,1048,-192
1569606276,-56,1008,-136
1569606436,-64,1032,-152
1569606481,-64,1000,-160
1569606520,-40,992,-168
1569606558,-40,1000,-152
1569606599,-56,1016,-224
1569606640,-64,1008,-192
1569606680,-48,1016,-192
1569606721,-40,1008,-168
1569606762,-48,1024,-136
1569606803,-56,1024,-152
1569606844,-48,1024,-184
1569606884,-48,1024,-168
1569606925,-64,1000,-208
1569606966,-56,1008,-176
1569607007,-64,1000,-160
1569607048,-56,1008,-160
1569607089,-40,1008,-184
1569607129,-48,1008,-176
1569607170,-48,1024,-160
1569607211,-64,1024,-184
1569607252,-56,1024,-160
1569607293,-64,1016,-160
1569607333,-64,1024,-168
1569607374,-56,1016,-184
1569607415,-56,1008,-184
1569607456,-48,1016,-184
1569607498,-56,1016,-184
1569607538,-56,1016,-192
1569607579,-56,1016,-192
1569607620,-48,1024,-168
1569607661,-48,1024,-160
1569607702,-56,1024,-160
1569607742,-56,1024,-168
1569607783,-64,1016,-168
1569607824,-56,1016,-184
1569607865,-56,1016,-208
1569607906,-48,1024,-136
1569607946,-48,1016,-168
1569607987,-48,1032,-160
1569608028,-64,1016,-176
1569608069,-72,1016,-168
1569608109,-64,1016,-184
1569608150,-64,1024,-184
1569608191,-56,1024,-144
1569608232,-40,1016,-144
1569608273,-56,1024,-136
1569608313,-56,1008,-192
1569608354,-56,1016,-184
1569608395,-56,1016,-176
1569608436,-48,1008,-168
1569608477,-56,1008,-152
1569608517,-40,1016,-168
1569608558,-48,1008,-168
1569608599,-56,1008,-136
1569608640,-56,1024,-200
1569608680,-40,1040,-176
1569608722,-56,1056,-128
1569608762,-48,1032,-160
1569608803,-40,1016,-152
1569608846,-16,1016,-72
1569608884,-16,1016,-160
1569608924,-32,1024,-184
1569608964,-24,1016,-168
1569609004,-56,1032,-120
1569609170,-72,1000,-192
1569609211,-64,1048,-152
1569609251,-72,1008,-176
1569609292,-88,1016,-112
1569609333,-80,1016,-160
1569609374,-56,1000,-120
1569609415,-56,1016,-248
1569609456,-56,1016,-184
1569609497,-72,1016,-160
1569609538,-40,1016,-168
1569609579,-48,1016,-120
1569609620,-40,1016,-128
1569609661,-64,1040,-120
1569609701,-72,1032,-192
1569609742,-64,1016,-160
1569609783,-56,1032,-152
1569609825,-56,1056,-144
1569609864,-72,1048,-120
1569609905,-72,1048,-160
1569609946,-80,1032,-136
1569609988,-16,1024,-208
1569610028,-48,1024,-176
1569610068,-32,1024,-208
1569610109,-32,1016,-120
1569610150,-40,992,-144
1569610191,-72,1008,-176
1569610231,-80,992,-160
1569610272,-104,1024,-176
1569610313,-80,1016,-200
1569610354,-64,1024,-152
1569610395,-72,1016,-136
1569610435,-64,1000,-144
1569610476,-88,1016,-88
1569610517,-80,1016,-184
1569610558,-64,1016,-176
1569610598,-72,1024,-184
1569610639,-56,1040,-120
1569610680,-40,1016,-112
1569610721,-40,1008,-136
1569610762,-48,1000,-168
1569610802,-48,1000,-184
1569610843,-48,1016,-96
1569610884,-40,1016,-168
1569610927,-56,1008,-184
1569610966,-48,1000,-176
1569611006,-40,1016,-176
1569611047,-56,1008,-216
1569611088,-80,1040,-72
1569611129,-128,1096,72
1569611170,-208,1224,264
1569611210,-224,1056,176
1569611251,-64,920,-32
1569611292,80,864,-384
1569611334,176,880,-360
1569611374,208,904,-488
1569611414,152,928,-504
1569611456,112,952,-280
1569611497,96,1008,-288
1569611538,72,1072,-472
1569611579,88,944,-440
1569611619,56,872,-576
1569611659,64,832,-640
1569611699,64,840,-640
1569611739,48,784,-624
1569611905,48,848,-544
1569611948,56,832,-592
1569611986,32,832,-584
1569612027,40,792,-632
1569612068,56,816,-544
1569612109,80,832,-512
1569612150,80,832,-624
1569612191,72,848,-552
1569612231,64,800,-568
1569612272,40,800,-576
1569612313,40,832,-528
1569612354,64,832,-528
1569612394,112,856,-512
1569612436,112,824,-592
1569612476,96,856,-504
1569612517,64,896,-576
1569612558,56,848,-552
1569612599,56,856,-608
1569612640,56,864,-512
1569612680,72,896,-560
1569612721,96,840,-592
1569612762,72,864,-552
1569612803,72,864,-520
1569612844,80,848,-560
1569612884,72,872,-520
1569612926,88,904,-464
1569612966,104,880,-472
1569613007,136,824,-600
1569613047,112,848,-512
1569613088,72,856,-512
1569613129,56,856,-544
1569613170,48,872,-504
1569613210,64,864,-528
1569613251,64,872,-512
1569613292,80,880,-520
1569613333,80,856,-592
1569613374,64,848,-544
1569613414,48,816,-536
1569613456,40,824,-512
1569613497,56,832,-536
1569613538,72,848,-520
1569613579,96,904,-496
1569613619,112,848,-568
1569613660,88,848,-560
1569613701,48,832,-552
1569613742,40,840,-592
1569613783,32,832,-528
1569613824,56,864,-512
1569613864,88,896,-480
1569613905,88,856,-544
1569613946,88,848,-576
1569613987,64,856,-536
1569614027,40,832,-560
1569614068,32,872,-496
1569614109,48,864,-544
1569614150,64,872,-480
1569614190,80,896,-496
1569614231,72,872,-520
1569614272,56,856,-544
1569614313,32,856,-544
1569614354,32,872,-520
1569614394,40,880,-552
1569614434,80,880,-488
1569614474,96,888,-456
1569614639,48,808,-576
1569614680,40,808,-544
1569614721,64,832,-504
1569614762,88,872,-464
1569614802,88,872,-512
1569614843,72,872,-608
1569614884,64,864,-528
1569614925,40,832,-560
1569614966,40,856,-544
1569615006,48,864,-496
1569615047,72,880,-480
1569615088,88,896,-488
1569615129,72,864,-568
1569615170,72,872,-480
1569615210,40,864,-552
1569615251,32,832,-592
1569615292,40,808,-560
1569615333,56,848,-456
1569615374,72,872,-488
1569615414,80,856,-576
1569615456,88,856,-560
1569615497,56,880,-504
1569615538,40,864,-536
1569615578,32,896,-496
1569615619,56,880,-544
1569615660,72,904,-456
1569615701,72,896,-488
1569615742,88,856,-584
1569615782,80,864,-512
1569615823,56,856,-552
1569615864,40,816,-584
1569615905,40,840,-504
1569615946,64,856,-512
1569615986,80,888,-448
1569616027,88,872,-496
1569616068,96,864,-536
1569616109,64,888,-496
1569616149,40,848,-536
1569616190,40,880,-488
1569616231,40,896,-488
1569616272,72,912,-472
1569616313,80,896,-504
1569616353,80,856,-568
1569616394,72,872,-504
1569616435,40,856,-544
1569616476,16,816,-584
1569616517,32,800,-552
1569616557,56,848,-504
1569616598,72,888,-440
1569616639,88,856,-560
1569616680,72,864,-560
1569616721,56,856,-512
1569616761,48,840,-568
1569616802,48,816,-568
1569616843,64,848,-472
1569616884,72,872,-504
1569616924,72,848,-600
1569616965,64,864,-472
1569617006,56,840,-544
1569617047,40,816,-560
1569617088,40,816,-520
1569617741,80,888,-528
1569617782,80,864,-576
1569617823,72,864,-536
1569617864,40,832,-528
1569617905,48,848,-496
1569617945,32,904,-440
1569617986,56,920,-432
1569618027,80,880,-576
1569618068,80,864,-536
1569618109,56,864,-528
1569618149,56,848,-544
1569618190,72,856,-464
1569618231,72,896,-456
1569618272,88,848,-592
1569618313,56,824,-512
1569618353,48,840,-480
1569618400,72,904,-400
1569618440,64,896,-576
1569618480,104,848,-568
1569618520,80,864,-536
1569618679,64,904,-384
1569618727,72,856,-528
1569618762,136,832,-584
1569618802,96,888,-392
1569618843,88,888,-472
1569618884,80,808,-648
1569618925,80,816,-504
1569618965,72,912,-360
1569619006,80,856,-696
1569619047,120,776,-664
1569619088,104,872,-328
1569619129,88,896,-360
1569619169,96,832,-736
1569619210,80,856,-544
1569619251,72,944,-312
1569619292,80,872,-664
1569619333,96,824,-616
1569619373,88,904,-360
1569619414,96,880,-584
1569619456,104,808,-640
1569619497,96,904,-336
1569619537,80,856,-576
1569619578,72,800,-624
1569619619,72,880,-376
1569619660,72,920,-392
1569619701,80,816,-704
1569619741,88,872,-504
1569619782,88,944,-352
1569619823,96,864,-648
1569619864,104,816,-616
1569619908,104,904,-336
1569619945,104,864,-544
1569619986,104,800,-656
1569620030,112,848,-432
1569620067,104,888,-448
1569620108,112,824,-664
1569620149,120,808,-600
1569620190,88,912,-264
1569620231,144,888,-496
1569620271,120,776,-712
1569620312,96,856,-448
1569620353,104,848,-536
1569620394,136,816,-608
1569620435,96,864,-320
1569620476,88,888,-464
1569620517,96,808,-688
1569620557,104,816,-520
1569620598,80,928,-320
1569620639,72,872,-616
1569620680,96,824,-584
1569620720,88,912,-344
1569620761,96,912,-464
1569620802,80,800,-720
1569620843,80,856,-448
1569620884,40,920,-320
1569620924,48,864,-664
1569620965,48,856,-472
1569621006,64,872,-584
1569621047,88,904,-480
1569621088,88,1032,-264
1569621128,88,1040,40
1569621168,136,1000,152
1569621208,184,936,264
1569621248,176,1024,176
1569621414,184,784,-264
1569621455,-32,936,-104
1569621507,-104,912,-424
1569621542,-152,944,-352
1569621583,-160,888,-568
1569621619,-104,1040,-552
1569621659,-112,968,-320
1569621700,-64,976,-368
1569621741,-56,968,-424
1569621782,-72,1024,-352
1569621823,-80,976,-368
1569621864,-80,976,-344
1569621904,-64,984,-344
1569621945,-64,960,-328
1569621986,-72,960,-352
1569622026,-88,968,-360
1569622067,-64,976,-336
1569622108,-56,976,-376
1569622149,-56,952,-352
1569622189,-72,968,-368
1569622230,-72,936,-360
1569622271,-72,928,-360
1569622312,-64,936,-304
1569622353,-56,984,-336
1569622393,-56,968,-328
1569622434,-64,944,-272
1569622475,-48,976,-336
1569622516,-40,976,-328
1569622557,-32,976,-304
1569622598,-48,968,-320
1569622638,-48,952,-344
1569622679,-72,944,-360
1569622720,-48,944,-328
1569622761,-32,960,-352
1569622802,-40,960,-336
1569622842,-72,952,-296
1569622883,-56,960,-296
1569622924,-64,952,-352
1569622965,-72,952,-320
1569623005,-56,960,-304
1569623046,-48,1000,-352
1569623087,-48,976,-368
1569623128,-56,960,-328
1569623169,-48,976,-320
1569623210,-56,952,-352
1569623251,-48,960,-352
1569623291,-40,976,-280
1569623332,-32,960,-336
1569623373,-72,976,-264
1569623414,-64,960,-344
1569623455,-80,976,-328
1569623496,-72,984,-312
1569623537,-72,984,-304
1569623578,-72,992,-320
1569623618,-56,992,-320
1569623659,-64,1024,-304
1569623700,-88,992,-352
1569623741,-96,960,-328
1569623782,-112,952,-320
1569623822,-72,1000,-272
1569623863,-64,1000,-336
1569623903,-64,984,-272
1569623943,-80,992,-256
1569623983,-80,992,-288
1569624149,-72,992,-304
1569624189,-32,1000,-216
1569624242,-48,960,-288
1569624277,-88,1016,-256
1569624312,-88,984,-312
1569624353,-80,960,-328
1569624394,-80,984,-304
1569624434,-64,992,-328
1569624475,-64,984,-272
1569624516,-64,960,-240
1569624556,-88,976,-272
1569624597,-88,968,-272
1569624638,-128,968,-280
1569624679,-96,976,-328
1569624720,-64,992,-232
1569624761,-56,1008,-288
1569624803,-72,1000,-296
1569624842,-80,976,-312
1569624883,-72,984,-320
1569624924,-80,992,-256
1569624964,-64,1000,-288
1569625005,-48,1024,-240
1569625046,-64,1000,-272
1569625087,-64,984,-304
1569625128,-64,976,-288
1569625169,-64,992,-264
1569625210,-56,1000,-280
1569625250,-48,1000,-240
1569625291,-64,992,-280
1569625332,-64,992,-280
1569625373,-80,992,-280
1569625414,-88,992,-296
1569625455,-64,1000,-264
1569625496,-56,992,-256
1569625539,-24,1000,-232
1569625577,-32,1008,-296
1569625618,-32,976,-288
1569625659,-32,992,-344
1569625700,-40,976,-240
1569625741,-64,976,-264
1569625781,-56,976,-256
1569625822,-64,984,-280
1569625863,-88,992,-264
1569625904,-96,984,-288
1569625945,-104,976,-328
1569625986,-80,976,-272
1569626026,-80,984,-272
1569626067,-64,1000,-296
1569626108,-88,944,-352
1569626148,-64,936,-272
1569626189,-80,968,-288
1569626230,-72,984,-296
1569626271,-56,1016,-280
1569626312,-64,1024,-296
1569626353,-96,1016,-232
1569626393,-56,1008,-328
1569626434,-72,992,-272
1569626475,-96,984,-296
1569626516,-80,1008,-288
1569626556,-72,1008,-232
1569626597,-40,1016,-256
1569626637,-40,1008,-256
1569626677,-48,976,-280
1569626717,-64,1000,-248
1569626883,-48,1000,-232
1569626928,-40,1000,-248
1569626969,-40,984,-272
1569627005,-56,984,-288
1569627046,-64,984,-256
1569627087,-72,1000,-288
1569627128,-64,1008,-272
1569627169,-64,1016,-200
1569627209,-56,1008,-280
1569627250,-64,984,-216
1569627290,-72,984,-304
1569627330,-56,984,-256
1569627536,-56,1008,-216
1569627577,-72,992,-296
1569627628,-64,1000,-304
1569627665,-72,976,-312
1569627701,-64,968,-216
1569627741,-56,984,-248
1569627781,-48,976,-288
1569627822,-32,960,-264
1569627863,-48,968,-264
1569627904,-48,984,-224
1569627944,-32,1008,-240
1569627986,-24,1000,-176
1569628026,-40,1008,-280
1569628067,-56,1000,-320
1569628108,-48,1000,-304
1569628148,-56,992,-272
1569628189,-56,1000,-224
1569628230,-24,1008,-256
1569628271,-32,1008,-232
1569628311,-40,984,-272
1569628352,-48,1000,-208
1569628393,-64,1000,-264
1569628434,-64,1016,-248
1569628475,-56,984,-288
1569628516,-56,1000,-192
1569628557,-56,984,-288
1569628597,-80,992,-224
1569628638,-72,984,-272
1569628679,-48,984,-120
1569628719,-56,992,-240
1569628760,-72,992,-264
1569628801,-64,1032,-208
1569628842,-96,1048,-240
1569628883,-104,1152,-72
1569628924,-112,1152,-120
1569628965,-104,984,-144
1569629006,-16,904,-104
1569629046,24,920,-264
1569629087,120,912,-224
1569629127,128,952,-400
1569629168,104,936,-408
1569629210,48,952,-416
1569629250,40,872,-392
1569629291,24,856,-392
1569629332,16,936,-600
1569629373,24,976,-448
1569629414,24,952,-448
1569629455,8,912,-552
1569629496,24,880,-552
1569629781,8,896,-504
1569629825,24,872,-520
1569629863,16,848,-520
1569629904,16,792,-560
1569629944,8,832,-560
1569629985,24,872,-560
1569630026,8,896,-464
1569630067,16,880,-536
1569630108,16,880,-584
1569630149,0,880,-488
1569630189,8,880,-512
1569630230,40,904,-464
1569630271,48,856,-616
1569630312,24,848,-552
1569630353,24,824,-576
1569630393,40,792,-584
1569630434,64,864,-456
1569630475,40,872,-544
1569630516,40,864,-560
1569630556,16,864,-576
1569630597,16,872,-504
1569630644,32,896,-456
1569630684,40,888,-424
1569630724,48,856,-600
1569630764,40,864,-544
1569630924,72,832,-600
1569630967,56,824,-568
1569631005,16,808,-576
1569631046,32,808,-504
1569631087,40,880,-464
1569631128,48,872,-544
1569631168,32,832,-552
1569631210,32,888,-504
1569631250,24,912,-496
1569631291,56,920,-512
1569631333,56,920,-488
1569631373,40,864,-592
1569631414,32,856,-560
1569631455,24,832,-560
1569631496,48,792,-552
1569631536,32,832,-448
1569631577,56,848,-488
1569631618,64,808,-584
1569631659,40,856,-536
1569631700,48,816,-544
1569631741,32,800,-488
1569631781,40,872,-488
1569631822,56,856,-544
1569631863,88,832,-576
1569631904,56,848,-536
1569631944,32,848,-512
1569631985,40,824,-456
1569632026,48,872,-448
1569632067,56,856,-544
1569632108,64,848,-560
1569632148,32,872,-488
1569632189,40,912,-480
1569632230,64,912,-456
1569632271,64,928,-464
1569632312,64,848,-648
1569632352,56,848,-552
1569632393,64,840,-544
1569632434,64,816,-488
1569632475,56,888,-384
1569632516,64,872,-560
1569632556,72,856,-520
1569632597,48,872,-464
1569632638,40,888,-472
1569632679,48,912,-432
1569632720,56,896,-480
1569632760,64,848,-592
1569632801,40,856,-496
1569632842,72,856,-504
1569632883,64,888,-448
1569632923,40,904,-472
1569632964,64,856,-584
1569633005,24,856,-552
1569633046,56,840,-520
1569633087,64,904,-432
1569633128,56,880,-560
1569633168,64,856,-592
1569633209,40,856,-512
1569633250,40,896,-448
1569633291,56,896,-456
1569633332,56,904,-496
1569633373,40,840,-592
1569633413,32,872,-520
1569633453,16,840,-464
1569633493,40,840,-456
1569633659,40,888,-496
1569633711,32,928,-440
1569633745,48,928,-416
1569633781,40,856,-640
1569633822,48,832,-528
1569633863,48,896,-440
1569633904,48,928,-464
1569633944,48,896,-536
1569633985,48,848,-624
1569634026,32,880,-472
1569634067,48,896,-432
1569634108,48,912,-416
1569634148,40,832,-648
1569634189,64,848,-504
1569634230,64,872,-448
1569634271,80,896,-472
1569634311,72,832,-616
1569634352,64,848,-528
1569634393,56,880,-424
1569634434,64,896,-448
1569634475,64,840,-632
1569634515,72,792,-584
1569634556,64,864,-384
1569634597,64,904,-464
1569634638,80,848,-632
1569634679,40,888,-448
1569634719,32,968,-360
1569634760,40,888,-600
1569634801,72,808,-608
1569634842,72,896,-400
1569634883,72,872,-536
1569634923,80,776,-592
1569634964,72,824,-440
1569635005,64,872,-408
1569635046,40,896,-504
1569635087,64,888,-488
1569635127,32,856,-408
1569635168,40,928,-184
1569635209,80,1056,-120
1569635250,96,1080,-8
1569635291,112,1072,160
1569635331,56,1088,400
1569635373,88,1112,240
1569635414,184,928,232
1569635455,256,832,-40
1569635495,232,848,-16
1569635536,112,960,-8
1569635577,-24,968,-320
1569635618,-96,928,-368
1569635659,-192,936,-280
1569635699,-216,952,-320
1569635740,-168,1064,-416
1569635781,-104,920,-456
1569635822,-72,920,-464
1569635863,-88,912,-376
1569635903,-80,968,-392
1569635944,-32,952,-408
1569635985,-48,936,-408
1569636026,-72,928,-376
1569636066,-72,944,-352
1569636107,-72,936,-384
1569636147,-80,928,-376
1569636187,-88,936,-360
1569636227,-88,952,-344
1569636392,-80,968,-416
1569636433,-96,976,-392
1569636486,-96,976,-384
1569636521,-56,976,-344
1569636556,-56,968,-360
1569636597,-72,952,-384
1569636638,-80,952,-376
1569636678,-72,960,-384
1569636719,-64,968,-368
1569636760,-72,960,-384
1569636800,-56,960,-368
1569636841,-80,928,-400
1569636882,-80,936,-432
1569636923,-64,936,-416
1569636964,-72,952,-408
1569637005,-48,944,-392
1569637046,-64,960,-360
1569637086,-80,944,-432
1569637127,-80,960,-400
1569637168,-80,952,-384
1569637209,-72,928,-352
1569637249,-64,944,-376
1569637290,-96,920,-384
1569637331,-88,920,-400
1569637373,-72,928,-368
1569637413,-64,944,-376
1569637454,-64,952,-288
1569637495,-56,944,-392
1569637536,-72,944,-384
1569637577,-64,928,-424
1569637617,-72,928,-384
1569637658,-80,944,-368
1569637699,-72,952,-344
1569637740,-80,952,-368
1569637781,-80,912,-392
1569637821,-72,912,-392
1569637862,-64,936,-392
1569637903,-72,952,-360
1569637944,-64,960,-336
1569637984,-48,960,-352
1569638025,-56,952,-360
1569638066,-64,920,-424
1569638107,-64,920,-368
1569638147,-64,920,-376
1569638188,-64,944,-256
1569638229,-96,960,-360
1569638270,-96,952,-408
1569638311,-96,944,-400
1569638351,-88,960,-360
1569638392,-64,952,-336
1569638433,-64,968,-320
1569638474,-56,976,-384
1569638515,-64,968,-384
1569638555,-56,952,-392
1569638596,-56,968,-352
1569638637,-48,976,-352
1569638678,-64,976,-352
1569638719,-80,944,-368
1569638759,-80,960,-320
1569638800,-80,960,-352
1569638841,-80,960,-352
1569638881,-64,968,-432
1569638921,-64,984,-288
1569638961,-64,992,-336
1569639126,-40,952,-352
1569639169,-32,960,-296
1569639208,-56,960,-408
1569639249,-80,944,-352
1569639290,-56,944,-344
1569639331,-48,968,-312
1569639372,-48,952,-336
1569639413,-48,960,-256
1569639454,-64,952,-352
1569639495,-80,968,-336
1569639535,-64,968,-360
1569639576,-64,992,-304
1569639617,-64,968,-328
1569639658,-72,960,-352
1569639698,-96,960,-336
1569639739,-88,952,-336
1569639780,-72,952,-336
1569639821,-56,952,-336
1569639862,-48,968,-320
1569639902,-56,976,-336
1569639943,-72,968,-328
1569639984,-88,984,-368
1569640025,-80,984,-336
1569640066,-56,976,-336
1569640106,-56,984,-272
1569640147,-72,976,-360
1569640188,-56,960,-312
1569640229,-64,952,-328
1569640270,-56,984,-264
1569640310,-32,976,-392
1569640351,-48,968,-304
1569640392,-32,952,-344
1569640433,-48,960,-336
1569640474,-48,952,-344
1569640514,-48,976,-304
1569640555,-64,992,-288
1569640596,-56,984,-320
1569640637,-72,968,-344
1569640677,-72,960,-296
1569640718,-64,984,-320
1569640759,-56,992,-312
1569640800,-56,992,-272
1569640841,-64,992,-336
1569640882,-56,976,-320
1569640922,-88,984,-312
1569640963,-72,984,-288
1569641004,-56,984,-304
1569641045,-56,984,-280
1569641086,-72,976,-344
1569641126,-48,968,-328
1569641167,-64,960,-312
1569641208,-40,992,-272
1569641249,-40,1008,-304
1569641290,-40,1000,-336
1569641331,-64,1008,-320
1569641372,-72,992,-344
1569641413,-72,992,-320
1569641454,-56,1016,-304
1569641495,-48,1000,-304
1569641535,-40,1000,-264
1569641576,-48,984,-328
1569642229,-48,984,-248
1569642270,-56,992,-296
1569642311,-64,984,-280
1569642351,-56,968,-312
1569642392,-48,976,-296
1569642433,-48,984,-296
1569642474,-56,1000,-248
1569642515,-56,992,-272
1569642555,-72,984,-312
1569642596,-64,968,-312
1569642637,-64,976,-304
1569642678,-48,1000,-264
1569642718,-48,1000,-232
1569642759,-48,984,-296
1569642800,-56,976,-312
1569642841,-56,968,-320
1569642887,-72,944,-336
1569642927,-48,936,-280
1569642967,-80,960,-240
1569643007,-56,976,-248
1569643167,-32,1000,-272
1569643210,-40,1008,-240
1569643249,-48,992,-304
1569643290,-56,992,-280
1569643331,-64,976,-280
1569643372,-56,984,-288
1569643413,-48,1008,-264
1569643454,-48,1000,-224
1569643494,-64,1016,-272
1569643535,-72,992,-272
1569643576,-64,952,-272
1569643617,-48,968,-312
1569643657,-40,976,-272
1569643698,-32,992,-272
1569643739,-56,984,-352
1569643780,-72,992,-320
1569643821,-104,984,-312
1569643861,-80,1016,-304
1569643902,-56,1016,-288
1569643943,-32,1000,-288
1569643984,-56,976,-320
1569644025,-56,984,-264
1569644065,-64,984,-312
1569644106,-56,1000,-272
1569644147,-72,1000,-248
1569644188,-32,984,-304
1569644229,-64,968,-352
1569644269,-80,960,-280
1569644310,-24,976,-304
1569644351,-32,992,-280
1569644392,-16,1000,-288
1569644433,-16,1000,-320
1569644473,-40,984,-312
1569644514,-48,984,-336
1569644555,-64,976,-256
1569644596,-48,992,-272
1569644637,-64,1008,-216
1569644678,-88,1000,-304
1569644718,-72,992,-280
1569644759,-64,992,-264
1569644800,-56,976,-320
1569644841,-40,984,-328
1569644881,-32,1016,-192
1569644922,-40,984,-296
1569644964,-56,984,-280
1569645004,-64,1000,-296
1569645045,-56,992,-344
1569645086,-40,984,-280
1569645127,-24,968,-240
1569645167,-48,968,-288
1569645208,-56,992,-256
1569645249,-64,992,-280
1569645290,-88,1008,-264
1569645331,-32,1032,-208
1569645372,-72,1016,-232
1569645413,-88,968,-320
1569645454,-136,1008,-288
1569645495,-232,1192,-256
1569645535,-56,1152,-64
1569645576,-72,1096,-72
1569645617,16,872,-96
1569645657,112,888,-256
1569645697,152,944,-272
1569645737,176,880,-336
1569645902,48,960,-392
1569645943,40,1088,-672
1569645993,80,920,-328
1569646027,72,936,-432
1569646066,32,920,-552
1569646106,40,888,-480
1569646147,24,872,-536
1569646188,32,912,-568
1569646229,32,904,-488
1569646270,40,872,-464
1569646311,16,872,-552
1569646351,32,872,-504
1569646392,72,896,-448
1569646433,56,880,-504
1569646474,8,888,-496
1569646514,8,824,-608
1569646555,16,808,-632
1569646596,48,896,-416
1569646637,80,928,-360
1569646677,88,936,-504
1569646718,56,912,-472
1569646759,16,824,-632
1569646800,32,792,-568
1569646841,16,848,-440
1569646881,64,912,-464
1569646922,80,904,-568
1569646963,72,888,-488
1569647004,32,840,-568
1569647044,24,792,-528
1569647085,40,816,-568
1569647126,64,888,-328
1569647167,80,888,-488
1569647208,96,912,-520
1569647248,56,904,-568
1569647289,32,896,-560
1569647331,56,888,-480
1569647372,72,928,-328
1569647413,80,872,-520
1569647453,72,872,-544
1569647494,40,848,-504
1569647535,16,864,-448
1569647576,32,832,-568
1569647617,48,920,-288
1569647657,88,888,-464
1569647698,120,880,-592
1569647739,72,856,-544
1569647780,72,840,-560
1569647821,72,816,-576
1569647861,80,904,-336
1569647902,120,928,-424
1569647943,168,920,-520
1569647984,104,864,-584
1569648025,56,832,-624
1569648066,56,840,-576
1569648106,64,936,-272
1569648147,152,952,-344
1569648188,144,936,-560
1569648229,104,864,-616
1569648270,56,760,-568
1569648310,40,760,-616
1569648351,56,888,-336
1569648391,88,952,-344
1569648431,128,936,-576
1569648471,104,848,-616
1569648637,112,928,-352
1569648679,128,912,-584
1569648718,104,864,-608
1569648759,56,800,-568
1569648800,64,784,-600
1569648841,72,872,-400
1569648882,104,952,-296
1569648923,112,880,-584
1569648963,104,864,-576
1569649004,64,840,-520
1569649045,56,856,-552
1569649086,72,864,-528
1569649127,128,928,-264
1569649167,144,872,-560
1569649208,128,880,-600
1569649249,80,840,-544
1569649290,56,800,-600
1569649331,72,816,-544
1569649372,64,904,-328
1569649413,120,952,-360
1569649454,128,928,-592
1569649495,96,864,-528
1569649535,64,808,-576
1569649576,64,848,-536
1569649617,88,928,-320
1569649658,104,920,-448
1569649699,112,888,-624
1569649739,72,856,-584
1569649780,64,752,-712
1569649821,80,768,-544
1569649862,96,856,-408
1569649903,96,912,-416
1569649943,112,896,-584
1569649984,96,840,-656
1569650025,64,768,-688
1569650066,56,784,-584
1569650106,88,888,-328
1569650147,112,952,-440
1569650188,128,920,-536
1569650229,96,832,-616
1569650270,56,776,-656
1569650310,80,768,-576
1569650351,96,856,-368
1569650392,120,920,-376
1569650433,120,904,-592
1569650474,88,832,-576