2481623583,48,-32,-960
2481623623,32,-32,-952
2481623663,16,-64,-1032
2481623703,16,-80,-968
2481623743,32,-80,-952
2481623955,48,-88,-880
2481623990,40,-72,-944
2481624040,40,-64,-896
2481624075,16,-88,-1008
2481624112,40,-80,-952
2481624153,40,-80,-960
2481624194,48,-72,-960
2481624235,48,-72,-968
2481624276,40,-72,-976
2481624316,24,-48,-1000
2481624357,48,-48,-960
2481624398,40,-40,-928
2481624439,40,-24,-952
2481624480,48,-32,-912
2481624521,40,-32,-936
2481624602,32,8,-960
2481624643,24,24,-992
2481624684,32,40,-952
2481624725,16,80,-992
2481624765,48,96,-960
2481624806,56,104,-992
2481624847,72,152,-976
2481624888,64,168,-960
2481624929,64,232,-960
2481624969,72,256,-904
2481625010,80,272,-952
2481625051,104,272,-968
2481625092,88,272,-888
2481625133,80,272,-960
2481625174,72,256,-936
2481625214,72,256,-928
2481625255,72,256,-920
2481625296,72,280,-912
2481625337,80,272,-952
2481625378,88,280,-920
2481625419,88,240,-920
2481625459,88,264,-936
2481625500,88,280,-960
2481625541,88,272,-936
2481625582,80,264,-936
2481625623,80,248,-936
2481625664,80,272,-936
2481625705,72,288,-944
2481625746,80,288,-936
2481625787,72,280,-888
2481625828,80,280,-912
2481625868,88,280,-928
2481625909,96,288,-944
2481625950,88,288,-936
2481625991,88,280,-912
2481626032,88,280,-928
2481626072,96,272,-928
2481626113,88,288,-944
2481626154,88,312,-920
2481626195,80,304,-920
2481626236,96,296,-928
2481626276,80,264,-936
2481626317,88,272,-936
2481626358,72,280,-952
2481626399,80,280,-912
2481626439,80,264,-920
2481626479,80,272,-912
2481626519,80,288,-896
2481626684,96,304,-928
2481626725,96,288,-952
2481626766,88,280,-960
2481626807,72,280,-928
2481626848,72,280,-944
2481626889,72,296,-936
2481626929,80,296,-928
2481626970,72,296,-912
2481627011,72,296,-968
2481627052,80,296,-920
2481627093,88,296,-928
2481627133,96,312,-904
2481627174,88,280,-936
2481627215,72,288,-912
2481627256,72,288,-928
2481627297,80,288,-928
2481627337,72,280,-880
2481627378,80,280,-936
2481627419,80,280,-928
2481627460,80,288,-936
2481627501,80,280,-936
2481627541,80,288,-952
2481627582,104,280,-920
2481627623,88,280,-944
2481627664,80,288,-944
2481627706,80,272,-944
2481627746,72,272,-928
2481627787,80,280,-928
2481627828,80,280,-928
2481627869,72,288,-928
2481627910,72,280,-912
2481627950,80,288,-920
2481627991,72,280,-928
2481628032,88,288,-928
2481628073,80,288,-920
2481628114,88,296,-912
2481628155,80,288,-912
2481628195,80,296,-912
2481628236,72,280,-928
2481628277,80,288,-920
2481628318,80,288,-920
2481628359,80,280,-920
2481628399,72,296,-928
2481628440,72,288,-936
2481628481,72,288,-928
2481628522,72,280,-936
2481628563,80,280,-928
2481628603,80,288,-920
2481628644,80,288,-920
2481628685,80,288,-912
2481628726,80,288,-936
2481628767,80,280,-928
2481628807,80,296,-920
2481628848,72,288,-928
2481628889,72,288,-944
2481628930,72,296,-936
2481628970,64,296,-928
2481629011,72,296,-912
2481629052,80,288,-912
2481629093,80,296,-936
2481629134,80,288,-912
2481629174,80,296,-912
2481629214,72,288,-944
2481629254,72,312,-936
2481629419,88,272,-936
2481629460,88,272,-928
2481629501,80,280,-944
2481629541,88,272,-928
2481629582,80,288,-928
2481629623,88,280,-928
2481629664,88,280,-912
2481629706,88,280,-912
2481629746,88,272,-928
2481629787,80,272,-904
2481629828,88,280,-944
2481629869,80,272,-920
2481629909,88,280,-936
2481629950,88,272,-928
2481629991,80,288,-944
2481630032,80,280,-928
2481630073,80,280,-928
2481630113,80,272,-920
2481630154,96,288,-920
2481630195,88,280,-928
2481630236,88,280,-904
2481630277,96,280,-920
2481630317,96,280,-936
2481630358,96,280,-920
2481630399,88,288,-912
2481630440,80,288,-928
2481630481,80,296,-928
2481630521,88,288,-920
2481630562,88,280,-928
2481630603,88,272,-912
2481630644,80,272,-904
2481630684,80,280,-912
2481630725,80,288,-928
2481630766,72,280,-936
2481630807,72,280,-928
2481630848,72,288,-944
2481630888,88,280,-944
2481630929,80,280,-920
2481630970,88,288,-944
2481631011,88,288,-928
2481631052,80,280,-944
2481631093,88,280,-928
2481631133,88,288,-928
2481631174,96,296,-920
2481631215,88,296,-912
2481631256,104,304,-920
2481631297,96,296,-928
2481631337,96,288,-920
2481631378,88,288,-928
2481631419,88,288,-928
2481631460,96,288,-920
2481631500,96,288,-912
2481631541,80,288,-928
2481631582,80,280,-936
2481631623,80,288,-936
2481631664,88,288,-928
2481631706,80,280,-920
2481631746,80,280,-944
2481631787,80,280,-928
2481631828,88,288,-928
2481631869,80,288,-928
2481631909,88,280,-920
2481631949,96,296,-928
2481631989,96,296,-920
2481632154,96,264,-920
2481632195,72,296,-896
2481632243,80,280,-944
2481632278,64,280,-912
2481632317,64,280,-936
2481632358,72,280,-936
2481632399,88,280,-912
2481632440,88,288,-928
2481632481,88,288,-912
2481632521,80,280,-928
2481632562,88,304,-912
2481632603,88,296,-920
2481632644,88,304,-936
2481632685,88,288,-936
2481632725,88,296,-928
2481632766,80,296,-944
2481632807,96,304,-928
2481632848,88,288,-928
2481632889,88,296,-920
2481632929,80,288,-944
2481632970,80,288,-928
2481633011,88,280,-912
2481633052,80,280,-928
2481633093,80,280,-936
2481633133,80,288,-920
2481633174,88,288,-920
2481633215,80,288,-928
2481633256,88,288,-912
2481633297,96,296,-936
2481633337,80,288,-928
2481633378,88,296,-920
2481633419,88,288,-936
2481633460,96,296,-936
2481633501,88,288,-928
2481633541,96,288,-944
2481633582,88,288,-920
2481633623,88,288,-920
2481633664,80,280,-928
2481633706,88,296,-936
2481633746,88,288,-920
2481633787,88,288,-920
2481633828,88,288,-920
2481633869,96,288,-904
2481633910,88,288,-920
2481633950,80,288,-952
2481633991,72,296,-936
2481634032,72,296,-936
2481634073,88,280,-936
2481634114,80,288,-928
2481634154,80,288,-928
2481634195,88,280,-912
2481634236,88,288,-936
2481634277,80,288,-920
2481634318,80,280,-936
2481634358,80,288,-928
2481634399,80,288,-928
2481634440,96,288,-936
2481634481,88,280,-928
2481634522,88,280,-928
2481634562,96,272,-936
2481634603,88,288,-920
2481635256,88,272,-936
2481635297,88,288,-928
2481635338,88,280,-928
2481635378,88,280,-920
2481635419,96,280,-928
2481635460,88,280,-928
2481635501,88,280,-928
2481635541,112,280,-920
2481635582,96,288,-928
2481635623,104,288,-920
2481635664,96,280,-936
2481635706,96,288,-936
2481635746,96,288,-944
2481635787,104,288,-920
2481635828,96,288,-928
2481635873,96,288,-952
2481635913,88,280,-904
2481635953,64,264,-952
2481635993,72,280,-920
2481636154,88,320,-912
2481636195,88,296,-928
2481636236,88,288,-928
2481636277,88,288,-928
2481636318,88,288,-928
2481636358,80,296,-944
2481636399,88,288,-904
2481636440,96,288,-936
2481636481,88,288,-928
2481636522,96,296,-920
2481636562,88,288,-928
2481636603,88,280,-936
2481636644,88,280,-936
2481636685,88,288,-944
2481636726,88,288,-928
2481636766,96,288,-912
2481636807,88,280,-936
2481636848,88,280,-928
2481636889,88,280,-912
2481636929,88,296,-936
2481636970,112,304,-920
2481637011,104,296,-920
2481637052,88,296,-928
2481637093,88,296,-936
2481637134,88,288,-936
2481637175,88,280,-920
2481637215,88,288,-912
2481637256,88,280,-944
2481637297,96,288,-912
2481637338,96,280,-920
2481637379,96,288,-936
2481637419,96,280,-928
2481637460,88,280,-928
2481637501,104,272,-904
2481637542,88,280,-928
2481637583,80,280,-928
2481637623,88,288,-928
2481637664,96,288,-936
2481637706,104,280,-920
2481637747,88,280,-928
2481637787,88,288,-944
2481637828,64,280,-1008
2481637869,72,280,-1080
2481637910,56,352,-1216
2481637951,112,456,-1072
2481637991,128,480,-1040
2481638032,200,416,-936
2481638075,272,536,-840
2481638113,304,472,-768
2481638154,352,536,-752
2481638196,376,448,-632
2481638236,400,432,-640
2481638276,408,320,-696
2481638317,488,344,-536
2481638358,512,344,-608
2481638399,536,288,-584
2481638440,496,224,-632
2481638480,512,280,-720
2481638521,536,136,-760
2481638562,488,40,-552
2481638603,448,-24,-848
2481638643,352,-24,-1048
2481638683,360,136,-1120
2481638888,640,-384,-472
2481638932,464,-96,-760
2481638970,288,304,-760
2481639011,368,400,-1072
2481639052,472,328,-928
2481639093,480,136,-672
2481639134,720,80,-488
2481639174,696,240,-416
2481639215,480,440,-616
2481639256,248,352,-856
2481639297,440,232,-816
2481639337,440,72,-920
2481639378,744,32,-624
2481639419,912,-88,-656
2481639460,672,408,-256
2481639501,712,304,-1176
2481639541,280,320,-776
2481639584,520,192,-928
2481639623,400,248,-752
2481639664,744,16,-624
2481639706,904,-200,-560
2481639747,736,216,-552
2481639787,736,408,-760
2481639828,384,392,-960
2481639869,376,472,-728
2481639910,424,232,-880
2481639950,664,240,-776
2481639991,896,16,-424
2481640032,872,-72,-656
2481640073,792,464,-520
2481640113,616,336,-1104
2481640154,232,408,-744
2481640195,512,280,-776
2481640236,560,200,-720
2481640277,816,176,-256
2481640317,896,256,-264
2481640358,800,504,-376
2481640399,536,440,-1000
2481640440,184,296,-736
2481640481,448,128,-792
2481640521,528,256,-776
2481640562,1128,360,-672
2481640603,952,480,-208
2481640644,680,488,-608
2481640684,208,360,-1224
2481640725,272,336,-864
2481640766,440,296,-600
2481640807,872,296,-344
2481640848,952,176,-576
2481640888,832,304,-592
2481640929,472,456,-984
2481640970,24,200,-728
2481641011,368,248,-816
2481641052,544,264,-968
2481641092,632,320,-552
2481641133,1072,264,-128
2481641174,680,280,-832
2481641215,768,472,-232
2481641256,184,368,-1136
2481641296,288,600,-744
2481641337,568,312,-920
2481641377,904,232,-544
2481641417,848,248,-432
2481641457,608,440,-632
2481641623,784,168,-632
2481641664,760,-112,-568
2481641705,712,360,-280
2481641746,392,344,-792
2481641787,240,232,-952
2481641828,440,288,-872
2481641869,712,168,-752
2481641909,872,-88,-440
2481641950,776,48,-408
2481641991,552,376,-624
2481642032,264,256,-984
2481642073,304,424,-792
2481642113,432,384,-928
2481642154,800,192,-576
2481642195,984,-8,-456
2481642236,680,328,-560
2481642276,496,528,-968
2481642317,264,312,-1056
2481642358,440,168,-760
2481642399,640,80,-648
2481642440,1016,-72,-504
2481642480,856,112,-408
2481642521,720,320,-536
2481642562,280,248,-1088
2481642603,472,312,-904
2481642644,480,232,-816
2481642684,840,96,-536
2481642725,960,0,-536
2481642766,720,304,-480
2481642807,584,288,-656
2481642848,192,320,-968
2481642888,440,256,-832
2481642929,584,152,-760
2481642970,1064,120,-456
2481643011,848,96,-688
2481643051,704,480,-568
2481643092,432,616,-672
2481643133,288,496,-912
2481643174,448,240,-696
2481643215,552,232,-744
2481643256,856,48,-568
2481643296,832,24,-752
2481643337,688,240,-472
2481643378,440,368,-704
2481643419,360,352,-936
2481643460,496,-128,-1152
2481643500,752,152,-616
2481643541,728,-32,-720
2481643582,656,248,-512
2481643623,592,320,-440
2481643664,536,216,-664
2481643705,560,128,-704
2481643746,560,344,-1184
2481643787,784,376,-872
2481643827,864,240,-704
2481643868,688,248,-512
2481643909,512,80,-584
2481643950,344,200,-912
2481643991,488,232,-928
2481644031,760,208,-528
2481644072,1056,136,-376
2481644112,832,88,-536
2481644152,624,64,-656
2481644192,304,32,-984
2481644358,816,208,-608
2481644402,536,360,-600
2481644440,352,168,-1176
2481644480,520,312,-776
2481644521,808,152,-544
2481644562,1080,8,-184
2481644603,792,224,-488
2481644644,592,624,-576
2481644685,96,336,-928
2481644725,392,256,-792
2481644766,376,168,-840
2481644807,960,256,-440
2481644848,904,-64,-800
2481644889,768,368,-512
2481644929,536,512,-664
2481644970,208,520,-768
2481645011,432,-32,-1096
2481645052,584,112,-816
2481645092,952,-96,-520
2481645133,928,-192,-680
2481645174,696,368,-416
2481645215,520,456,-656
2481645256,264,424,-856
2481645296,408,-168,-904
2481645337,736,48,-576
2481645378,1048,-248,-456
2481645419,920,-120,-400
2481645460,656,264,-688
2481645500,312,216,-960
2481645541,288,16,-952
2481645582,472,48,-656
2481645623,1024,160,-360
2481645664,1000,232,-432
2481645705,728,296,-760
2481645746,376,176,-1072
2481645787,312,328,-856
2481645828,456,-16,-800
2481645868,968,192,-432
2481645909,864,360,-536
2481645950,624,288,-776
2481645991,232,368,-704
2481646032,384,392,-736
2481646072,568,56,-832
2481646113,968,16,-576
2481646154,1016,96,-472
2481646195,784,296,-712
2481646236,392,264,-896
2481646276,216,456,-968
2481646317,584,264,-680
2481646358,832,40,-760
2481646399,1152,312,-440
2481646440,832,376,-584
2481646481,520,496,-752
2481646521,176,232,-832
2481646562,416,184,-944
2481646603,496,192,-688
2481646644,1016,256,-240
2481646685,1080,224,-592
2481646725,816,344,-696
2481646766,432,320,-760
2481646807,208,456,-872
2481647460,968,424,-624
2481647501,792,480,-560
2481647541,400,448,-792
2481647582,120,272,-656
2481647623,472,48,-520
2481647664,592,224,-632
2481647705,1200,520,-592
2481647746,480,-72,-1128
2481647787,416,-224,-384
2481647828,424,-88,-568
2481647869,512,184,-680
2481647909,784,376,-864
2481647950,688,712,-1064
2481647991,872,784,-760
2481648032,496,560,-752
2481648073,592,512,-408
2481648119,584,472,-480
2481648159,512,-8,-568
2481648199,544,80,-864
2481648239,480,872,-1344
2481648399,328,704,-1040
2481648445,664,544,-880
2481648480,456,320,-1056
2481648521,568,56,-616
2481648562,600,-128,-560
2481648603,432,384,-1080
2481648644,552,592,-992
2481648685,408,464,-1040
2481648725,584,456,-976
2481648766,568,288,-784
2481648807,592,-320,-56
2481648848,432,216,-704
2481648889,312,224,-912
2481648929,496,856,-1064
2481648970,448,544,-1200
2481649011,544,296,-728
2481649052,544,-328,-112
2481649093,480,-64,-584
2481649133,280,584,-1008
2481649174,488,584,-744
2481649215,376,376,-928
2481649256,472,56,-520
2481649296,576,-128,-576
2481649337,408,432,-968
2481649378,376,1040,-1080
2481649419,448,656,-1024
2481649460,440,424,-960
2481649500,536,-88,-304
2481649541,496,32,-656
2481649582,344,392,-928
2481649623,376,792,-1032
2481649664,472,656,-960
2481649705,464,200,-952
2481649746,544,-224,-264
2481649787,448,-32,-656
2481649828,320,352,-872
2481649868,392,856,-1080
2481649909,448,632,-1056
2481649950,488,208,-848
2481649991,520,-16,-344
2481650031,448,32,-704
2481650072,312,408,-1080
2481650113,456,584,-760
2481650154,424,504,-1056
2481650194,480,240,-816
2481650235,536,-112,-160
2481650276,424,72,-664
2481650317,312,280,-1016
2481650357,480,816,-1088
2481650398,416,536,-1128
2481650439,504,168,-592
2481650480,512,-176,-368
2481650520,448,-24,-648
2481650561,344,208,-944
2481650602,456,664,-1104
2481650643,432,512,-1072
2481650684,544,160,-744
2481650724,472,24,-496
2481650765,504,-240,-552
2481650806,408,328,-904
2481650847,408,672,-1144
2481650887,472,568,-960
2481650927,472,136,-744
2481650967,464,-104,-544
2481651132,504,256,-808
2481651175,464,232,-1016
2481651214,576,240,-376
2481651254,360,88,-1168
2481651295,464,200,-928
2481651336,224,64,-896
2481651377,48,240,-784
2481651418,152,688,-712
2481651458,456,592,-496
2481651499,480,600,-984
2481651540,648,672,-248
2481651581,728,432,-416
2481651622,464,552,-472
2481651664,152,896,-664
2481651704,248,880,-760
2481651745,288,664,-608
2481651785,520,408,-608
2481651826,768,392,-984
2481651867,560,248,-624
2481651908,480,616,-432
2481651948,192,616,-744
2481651989,248,592,-776
2481652030,296,472,-1008
2481652071,576,280,-696
2481652112,640,-128,-944
2481652152,632,296,-344
2481652193,552,752,-496
2481652234,304,632,-944
2481652275,152,544,-848
2481652316,360,376,-928
2481652357,496,192,-896
2481652397,712,-8,-792
2481652438,600,200,-280
2481652479,504,552,-744
2481652520,304,448,-712
2481652561,208,488,-872
2481652601,360,360,-888
2481652642,544,296,-824
2481652683,680,120,-784
2481652724,648,128,-608
2481652765,576,344,-560
2481652805,408,368,-832
2481652846,320,448,-728
2481652887,368,288,-960
2481652928,432,288,-840
2481652968,552,112,-824
2481653009,728,56,-648
2481653050,664,256,-616
2481653091,512,384,-848
2481653131,360,560,-592
2481653172,272,288,-800
2481653215,328,392,-880
2481653254,520,232,-960
2481653295,800,64,-784
2481653335,592,88,-848
2481653376,600,320,-584
2481653417,424,552,-688
2481653458,320,424,-664
2481653498,392,208,-928
2481653539,464,200,-856
2481653582,600,-16,-904
2481653622,720,96,-592
2481653662,672,312,-608
2481653702,504,504,-768
2481653867,616,232,-840
2481653913,752,136,-768
2481653948,696,224,-616
2481653989,568,408,-776
2481654030,376,504,-856
2481654071,360,320,-696
2481654112,368,304,-800
2481654152,584,272,-920
2481654196,832,144,-728
2481654234,680,112,-744
2481654275,656,440,-616
2481654316,456,552,-576
2481654356,256,288,-880
2481654397,344,168,-752
2481654438,512,264,-760
2481654479,736,176,-824
2481654520,720,208,-544
2481654560,616,408,-648
2481654601,424,584,-632
2481654642,272,336,-976
2481654683,320,336,-728
2481654723,544,360,-832
2481654765,720,296,-656
2481654806,696,144,-272
2481654846,680,480,-608
2481654886,312,576,-1024
2481654927,384,536,-784
2481654968,416,320,-888
2481655009,648,384,-544
2481655050,856,184,-656
2481655090,680,232,-608
2481655131,608,496,-472
2481655172,360,576,-832
2481655213,416,488,-792
2481655254,456,288,-920
2481655295,696,184,-688
2481655335,744,96,-960
2481655376,664,72,-856
2481655417,688,424,-224
2481655458,448,320,-808
2481655499,360,392,-880
2481655539,416,248,-880
2481655581,600,312,-848
2481655622,768,152,-576
2481655663,728,216,-528
2481655703,696,488,-768
2481655744,488,488,-632
2481655785,376,360,-1008
2481655826,424,408,-856
2481655867,624,312,-712
2481655907,736,216,-720
2481655949,688,296,-480
2481655989,656,424,-472
2481656030,520,560,-664
2481656071,408,280,-896
2481656112,472,368,-552
2481656152,576,312,-696
2481656193,792,200,-648
2481656234,720,168,-696
2481656274,688,424,-432
2481656316,496,488,-752
2481656356,344,344,-880
2481656396,376,320,-680
2481656436,552,376,-888
2481656601,560,416,-864
2481656642,400,432,-784
2481656682,416,416,-688
2481656723,464,352,-712
2481656764,744,384,-688
2481656805,744,240,-560
2481656846,728,320,-424
2481656887,496,384,-864
2481656927,352,424,-832
2481656968,360,280,-632
2481657009,536,424,-752
2481657050,696,432,-704
2481657091,784,352,-712
2481657131,640,272,-592
2481657172,544,384,-744
2481657213,408,472,-608
2481657254,416,448,-816
2481657295,432,288,-928
2481657335,688,432,-840
2481657376,720,320,-568
2481657417,664,352,-520
2481657458,560,424,-984
2481657499,424,416,-760
2481657540,408,232,-792
2481657581,472,232,-784
2481657622,600,304,-768
2481657663,744,352,-736
2481657704,704,416,-592
2481657745,640,352,-704
2481657785,520,400,-944
2481657826,432,424,-632
2481657867,496,200,-960
2481657908,504,168,-952
2481657949,704,272,-712
2481657989,728,368,-816
2481658030,696,328,-472
2481658071,536,448,-760
2481658112,456,304,-784
2481658153,496,232,-664
2481658193,552,320,-800
2481658234,704,280,-744
2481658275,648,248,-800
2481658316,696,392,-312
2481658357,488,440,-744
2481658397,488,368,-744
2481658438,464,272,-528
2481658479,528,360,-728
2481658520,696,296,-768
2481658561,680,368,-688
2481658601,664,416,-1088
2481658642,536,368,-568
2481658683,480,320,-896
2481658724,488,208,-736
2481658765,544,344,-688
2481658805,672,256,-920
2481658846,648,232,-704
2481658887,608,376,-568
2481658928,552,280,-776
2481658968,520,344,-680
2481659009,576,384,-696
2481659050,592,272,-968
2481659704,480,400,-712
2481659745,440,72,-832
2481659786,528,288,-712
2481659826,624,296,-776
2481659867,624,312,-816
2481659908,672,416,-616
2481659949,560,256,-664
2481659990,496,416,-760
2481660030,456,312,-768
2481660071,504,248,-896
2481660112,608,336,-760
2481660153,680,312,-704
2481660194,664,448,-608
2481660234,576,416,-672
2481660275,520,464,-688
2481660316,472,480,-664
2481660363,512,160,-776
2481660403,520,384,-760
2481660443,616,224,-752
2481660483,552,232,-792
2481660642,528,176,-760
2481660692,536,232,-896
2481660728,608,320,-896
2481660764,640,272,-664
2481660805,648,384,-664
2481660846,608,440,-888
2481660889,512,448,-584
2481660928,496,240,-672
2481660968,528,288,-880
2481661009,664,424,-712
2481661050,808,432,-696
2481661091,792,328,-696
2481661132,704,464,-512
2481661172,592,424,-840
2481661213,456,384,-736
2481661254,456,336,-728
2481661295,512,328,-904
2481661336,568,320,-912
2481661376,624,472,-536
2481661417,616,464,-720
2481661458,576,456,-616
2481661499,504,496,-768
2481661540,408,528,-600
2481661581,408,400,-920
2481661622,408,256,-968
2481661663,488,400,-736
2481661704,576,368,-712
2481661745,592,448,-680
2481661787,544,512,-672
2481661826,448,640,-584
2481661867,360,392,-936
2481661908,368,184,-752
2481661948,456,304,-760
2481661989,528,304,-736
2481662030,600,488,-712
2481662071,640,456,-688
2481662112,528,368,-728
2481662152,440,384,-544
2481662193,392,464,-720
2481662234,424,456,-832
2481662275,440,144,-1024
2481662316,560,328,-776
2481662357,520,368,-800
2481662397,560,336,-696
2481662438,536,440,-568
2481662479,456,408,-664
2481662520,392,544,-800
2481662560,408,352,-808
2481662601,456,312,-832
2481662642,504,264,-672
2481662683,680,344,-712
2481662723,560,376,-656
2481662764,528,472,-520
2481662805,416,504,-704
2481662846,432,560,-672
2481662886,416,192,-776
2481662927,472,288,-848
2481662968,576,376,-704
2481663009,656,296,-632
2481663050,592,496,-608
2481663090,536,480,-576
2481663130,448,592,-720
2481663170,328,480,-832
2481663210,384,320,-712
2481663376,576,456,-776
2481663420,456,560,-576
2481663459,456,392,-776
2481663498,352,344,-720
2481663539,440,472,-744
2481663581,528,352,-824
2481663623,584,376,-672
2481663663,728,512,-680
2481663703,608,304,-656
2481663744,528,448,-616
2481663785,448,536,-688
2481663826,424,600,-576
2481663867,432,376,-848
2481663909,520,360,-696
2481663948,544,432,-976
2481663989,608,440,-520
2481664030,616,464,-696
2481664071,600,456,-656
2481664111,504,440,-512
2481664152,456,480,-688
2481664193,448,496,-760
2481664233,456,416,-720
2481664274,560,448,-808
2481664315,536,392,-648
2481664360,680,464,-616
2481664397,664,416,-680
2481664437,536,480,-672
2481664478,440,488,-680
2481664519,336,536,-736
2481664560,416,264,-632
2481664600,528,408,-1008
2481664642,536,464,-800
2481664682,624,464,-632
2481664723,600,544,-512
2481664764,464,408,-784
2481664804,376,480,-664
2481664846,352,360,-824
2481664886,416,248,-736
2481664927,560,320,-776
2481664968,648,456,-624
2481665008,640,440,-608
2481665050,512,464,-608
2481665092,368,616,-712
2481665131,304,544,-704
2481665172,368,376,-696
2481665212,576,400,-1056
2481665254,568,344,-448
2481665294,736,496,-600
2481665335,616,576,-696
2481665376,408,440,-640
2481665416,328,640,-712
2481665458,320,336,-896
2481665498,464,360,-776
2481665539,648,336,-568
2481665581,608,288,-808
2481665621,536,568,-632
2481665663,424,528,-752
2481665703,336,576,-632
2481665744,352,392,-760
2481665785,408,560,-688
2481665825,600,416,-776
2481665865,624,280,-720
2481665905,632,536,-456
2481665945,512,584,-704
2481666111,488,384,-880
2481666152,440,416,-696
2481666200,368,464,-928
2481666235,352,232,-960
2481666274,440,384,-696
2481666315,544,272,-640
2481666356,512,360,-688
2481666397,488,664,-808
2481666438,280,288,-816
2481666478,296,64,-672
2481666519,384,104,-600
2481666560,664,112,-512
2481666601,520,424,-888
2481666642,608,560,-880
2481666683,648,408,-848
2481666723,496,256,-696
2481666764,400,-96,-504
2481666805,384,-72,-672
2481666846,320,424,-1408
2481666886,376,296,-944
2481666927,384,-232,-632
2481666968,360,-136,-720
2481667009,264,272,-1392
2481667050,376,224,-952
2481667090,376,0,-880
2481667131,424,-216,-496
2481667172,376,-112,-736
2481667213,248,448,-1280
2481667254,352,280,-872
2481667294,376,-40,-768
2481667335,400,-320,-464
2481667376,336,-264,-1000
2481667417,296,280,-712
2481667457,264,32,-912
2481667498,320,144,-912
2481667539,328,136,-1160
2481667581,488,152,-840
2481667622,464,104,-1120
2481667662,456,-80,-552
2481667703,304,-72,-1024
2481667744,264,120,-928
2481667785,224,-144,-664
2481667825,176,-240,-960
2481667866,296,-344,-904
2481667907,440,24,-808
2481667948,840,264,-520
2481667989,560,152,-808
2481668029,392,304,-1016
2481668070,288,136,-1072
2481668111,320,120,-800
2481668152,368,-8,-672
2481668192,448,0,-792
2481668233,528,280,-896
2481668274,472,432,-648
2481668315,424,624,-808
2481668355,400,504,-816
2481668396,312,80,-840
2481668437,392,-40,-536
2481668478,344,96,-1112
2481668519,232,456,-1104
2481668559,360,184,-832
2481668599,376,-216,-712
2481668639,376,-96,-848
2481668679,328,456,-1224
2481668844,328,32,-992
2481668886,304,184,-808
2481668926,264,80,-1024
2481668967,248,48,-1056
2481669008,288,128,-960
2481669049,288,72,-1152
2481669090,272,88,-904
2481669130,272,-16,-1008
2481669171,192,40,-1032
2481669212,200,144,-960
2481669253,192,24,-1064
2481669293,384,80,-488
2481669334,280,-136,-688
2481669375,168,-112,-728
2481669416,192,168,-1024
2481669457,232,48,-872
2481669498,416,56,-992
2481669539,384,-40,-856
2481669580,464,-8,-776
2481669621,416,-72,-1088
2481669662,400,-192,-688
2481669702,400,-152,-968
2481669743,368,-48,-752
2481669784,368,-176,-888
2481669825,376,-8,-776
2481669865,360,48,-1104
2481669906,680,32,-936
2481669947,608,-56,-760
2481669988,592,-48,-952
2481670029,312,184,-864
2481670069,168,632,-872
2481670110,312,640,-640
2481670151,368,568,-800
2481670192,576,552,-552
2481670233,568,456,-432
2481670273,480,704,-480
2481670314,152,544,-704
2481670355,128,880,-760
2481670396,232,736,-608
2481670436,352,680,-600
2481670477,672,608,-528
2481670518,528,672,-720
2481670559,432,840,-664
2481670599,248,832,-688
2481670640,216,840,-448
2481670681,304,712,-656
2481670722,336,624,-744
2481670763,384,376,-832
2481670803,440,208,-752
2481670844,488,192,-624
2481670885,432,624,-400
2481670926,304,840,-512
2481670967,240,568,-680
2481671007,352,600,-672
2481671048,368,280,-1136
2481671089,496,440,-728
2481671130,600,368,-800
2481671170,512,528,-384
2481671211,440,808,-504
2481671252,216,592,-896
2481671293,160,464,-784
2481671946,376,440,-840
2481671987,480,360,-632
2481672028,672,480,-512
2481672069,624,608,-432
2481672109,424,472,-464
2481672150,176,792,-1008
2481672191,288,640,-696
2481672232,400,552,-648
2481672272,672,672,-416
2481672313,704,840,-544
2481672354,560,640,-560
2481672395,368,696,-776
2481672435,184,728,-536
2481672476,312,624,-608
2481672517,368,560,-552
2481672558,784,672,-464
2481672604,632,744,-720
2481672644,592,640,-576
2481672684,312,568,-480
2481672724,152,616,-680
2481672884,640,728,-600
2481672925,440,640,-600
2481672965,160,624,-744
2481673006,328,664,-504
2481673047,368,496,-608
2481673088,664,552,-544
2481673129,472,664,-648
2481673170,328,336,-880
2481673210,392,232,-640
2481673251,440,552,-584
2481673292,536,560,-528
2481673333,400,704,-896
2481673373,488,752,-776
2481673414,392,640,-312
2481673456,368,320,-552
2481673497,272,352,-880
2481673538,272,176,-864
2481673578,192,744,-1384
2481673619,360,392,-1072
2481673701,280,-144,-808
2481673741,152,464,-960
2481673782,392,208,-840
2481673823,264,168,-752
2481673864,272,64,-976
2481673905,288,192,-752
2481673945,256,392,-1072
2481673986,328,432,-816
2481674027,336,384,-936
2481674071,480,352,-984
2481674108,432,432,-872
2481674149,392,232,-336
2481674190,200,264,-928
2481674230,56,248,-968
2481674271,192,96,-888
2481674312,304,56,-776
2481674353,696,328,-696
2481674394,664,264,-872
2481674434,512,96,-728
2481674475,256,144,-704
2481674516,176,296,-1024
2481674557,296,160,-960
2481674598,384,104,-776
2481674639,816,160,-776
2481674681,648,264,-872
2481674720,512,-152,-728
2481674761,440,96,-712
2481674802,168,216,-1120
2481674842,312,160,-992
2481674883,344,192,-904
2481674924,800,208,-568
2481674965,608,56,-904
2481675005,480,-200,-632
2481675046,408,-96,-832
2481675087,320,-112,-880
2481675128,488,-88,-816
2481675169,776,8,-800
2481675210,488,-112,-968
2481675250,432,-40,-952
2481675291,384,-40,-1008
2481675332,504,48,-824
2481675372,896,184,-488
2481675412,640,40,-896
2481675452,560,96,-776
2481675618,512,48,-720
2481675661,920,224,-552
2481675700,712,48,-872
2481675741,488,-40,-952
2481675782,336,24,-992
2481675822,248,32,-1040
2481675863,304,-120,-680
2481675905,480,-32,-888
2481675945,992,80,-560
2481675986,648,-88,-872
2481676026,528,-24,-864
2481676067,272,-120,-1048
2481676149,328,-136,-856
2481676230,1000,0,-552
2481676271,568,-88,-848
2481676312,368,0,-864
2481676353,184,160,-1080
2481676393,296,-8,-800
2481676434,440,-48,-656
2481676475,592,-224,-680
2481676516,576,-216,-776
2481676556,480,416,-1032
2481676597,504,536,-888
2481676638,568,680,-808
2481676679,456,600,-608
2481676719,384,112,-624
2481676760,344,432,-944
2481676801,312,352,-704
2481676842,360,248,-848
2481676883,336,616,-800
2481676923,568,704,-792
2481676964,472,512,-944
2481677005,424,200,-792
2481677046,392,-32,-704
2481677087,352,136,-792
2481677127,384,680,-976
2481677168,392,544,-728
2481677209,416,344,-1008
2481677250,416,488,-672
2481677290,392,352,-624
2481677331,408,-40,-840
2481677373,464,8,-1024
2481677414,336,560,-912
2481677455,392,688,-776
2481677495,384,392,-1040
2481677536,432,256,-848
2481677577,584,168,-744
2481677618,528,248,-752
2481677660,496,152,-776
2481677699,376,88,-936
2481677740,288,24,-912
2481677781,176,32,-968
2481677822,256,24,-728
2481677863,720,272,-808
2481677903,872,80,-640
2481677944,560,-160,-664
2481677985,184,-96,-1024
2481678026,280,8,-1008
2481678067,392,-184,-776
2481678107,824,32,-760
2481678147,800,8,-824
2481678187,720,-312,-968
2481678352,408,-56,-768
2481678396,736,72,-576
2481678433,904,-104,-592
2481678474,568,-376,-904
2481678515,552,-160,-920
2481678558,256,-160,-1024
2481678597,416,-224,-880
2481678637,536,-120,-656
2481678678,1112,64,-320
2481678719,736,-144,-928
2481678760,632,-368,-640
2481678800,280,-64,-1016
2481678841,360,-120,-912
2481678885,456,-168,-856
2481678923,632,-40,-864
2481678964,840,-24,-440
2481679004,832,-136,-648
2481679045,688,-136,-808
2481679086,528,-296,-824
2481679127,376,-104,-1008
2481679167,472,-168,-840
2481679208,664,-208,-672
2481679249,872,-96,-376
2481679290,800,-224,-672
2481679331,664,-224,-576
2481679373,456,-112,-1016
2481679414,376,-40,-840
2481679454,488,-248,-792
2481679495,768,-88,-608
2481679536,824,-280,-608
2481679577,632,-176,-768
2481679617,528,-40,-696
2481679658,440,-184,-760
2481679699,384,-104,-1032
2481679740,488,-192,-888
2481679780,760,-112,-616
2481679821,936,-224,-632
2481679862,624,-192,-880
2481679902,584,-56,-808
2481679944,376,-152,-1040
2481679984,456,-128,-824
2481680025,496,-144,-728
2481680107,800,-152,-616
2481680147,664,16,-904
2481680188,504,-128,-936
2481680229,424,0,-1008
2481680270,496,-200,-744
2481680310,752,-24,-528
2481680351,936,-104,-552
2481680392,680,40,-712
2481680433,528,8,-704
2481680474,312,-56,-1080
2481680514,408,-32,-936
2481680555,448,-64,-864
2481680596,848,32,-408
2481680637,832,-160,-704
2481680678,680,-88,-832
2481680718,488,-80,-864
2481680759,368,-112,-944
2481680800,448,-144,-840
2481680840,496,-88,-760
2481680880,984,104,-384
2481680920,800,8,-712
2481681085,448,-216,-656
2481681126,776,-32,-488
2481681167,840,-176,-688
2481681208,696,-80,-760
2481681249,480,-80,-896
2481681290,416,96,-1080
2481681331,488,-160,-976
2481681372,704,-64,-472
2481681413,952,-96,-456
2481681454,632,-48,-776
2481681495,576,-56,-840
2481681535,376,-104,-1048
2481681617,464,-200,-768
2481681660,776,-144,-488
2481681698,928,-88,-520
2481681739,656,-72,-680
2481681780,552,0,-952
2481681821,344,-168,-1008
2481681861,512,-160,-840
2481681902,576,-136,-472
2481681943,1064,64,-264
2481681984,752,64,-840
2481682025,720,64,-800
2481682066,392,-128,-1080
2481682106,504,-32,-912
2481682147,496,-312,-576
2481682188,824,-104,-424
2481682229,976,-96,-552
2481682269,632,-168,-944
2481682310,320,40,-1288
2481682351,320,200,-1136
2481682392,528,-16,-416
2481682433,984,240,-408
2481682473,632,352,-960
2481682514,816,344,-688
2481682555,360,32,-1224
2481682596,328,488,-1112
2481682636,464,216,-936
2481682677,472,96,-760
2481682718,1048,456,-216
2481682759,864,336,-560
2481682799,424,520,-640
2481682840,64,648,-1416
2481682881,272,496,-448
2481682922,592,304,-520
2481682963,920,616,-464
2481683004,832,680,-472
2481683045,536,728,-728
2481683085,56,832,-976
2481683126,456,632,-704
2481683167,344,456,-816
2481683208,792,768,72
2481683248,848,656,-352
2481683289,536,744,-856
2481683331,144,656,-1032
2481683372,144,712,-608
2481683412,464,368,-432
2481683453,776,496,-152
2481683494,888,576,-272
2481683535,448,576,-696
2481684188,288,528,-912
2481684228,592,712,-40
2481684269,824,344,-336
2481684310,512,608,-632
2481684350,256,776,-944
2481684391,-16,928,-808
2481684432,400,456,-352
2481684473,456,416,-608
2481684514,976,592,-232
2481684554,648,592,-664
2481684595,480,640,-712
2481684636,-64,856,-872
2481684678,280,608,-440
2481684717,376,536,-600
2481684758,1040,848,-512
2481684799,704,616,-536
2481684844,688,624,-440
2481684884,-40,568,-1040
2481684924,320,640,-640
2481684964,312,624,-880
2481685125,176,704,-1232
2481685166,96,856,-280
2481685207,296,480,-904
2481685248,584,600,-400
2481685289,1056,392,-96
2481685331,592,536,-376
2481685371,464,616,-784
2481685412,56,904,-712
2481685453,512,400,-656
2481685494,544,536,-800
2481685535,1336,728,-408
2481685575,824,568,-192
2481685616,504,664,-968
2481685657,56,872,-664
2481685698,520,344,-584
2481685738,640,488,-720
2481685779,1072,632,-432
2481685820,768,576,-328
2481685861,640,600,-920
2481685902,168,824,-840
2481685942,592,392,-952
2481685983,640,312,-568
2481686024,1344,480,-248
2481686065,696,520,-448
2481686106,688,528,-720
2481686146,96,688,-728
2481686187,424,384,-672
2481686228,640,464,-408
2481686269,1120,512,-72
2481686309,672,472,-128
2481686350,400,504,-1448
2481686391,160,1040,-832
2481686432,576,432,-912
2481686472,648,296,-656
2481686513,1208,560,-248
2481686554,760,480,-296
2481686595,592,672,-1184
2481686635,200,888,-784
2481686676,616,496,-576
2481686717,712,688,-904
2481686758,1112,560,-328
2481686798,624,488,-568
2481686839,584,840,-904
2481686880,136,728,-680
2481686921,520,432,-144
2481686961,464,384,-904
2481687002,720,584,48
2481687043,680,192,-400
2481687084,344,504,-960
2481687125,344,496,-920
2481687165,808,488,-360
2481687206,832,576,-544
2481687248,336,600,-1008
2481687289,256,640,-896
2481687330,296,424,-840
2481687370,888,472,-208
2481687411,1000,216,-936
2481687452,608,592,-608
2481687493,192,440,-840
2481687534,400,296,-880
2481687574,600,344,-664
2481687614,1088,200,-512
2481687654,664,528,-704
2481687694,384,544,-936
2481687860,952,232,-656
2481687901,624,472,-456
2481687941,280,424,-992
2481687982,360,344,-752
2481688023,440,392,-872
2481688064,936,240,-320
2481688105,872,288,-592
2481688145,560,328,-584
2481688186,248,320,-576
2481688227,400,304,-864
2481688268,616,296,-832
2481688309,1152,184,-384
2481688349,808,376,-560
2481688390,592,392,-440
2481688431,232,344,-616
2481688472,368,304,-728
2481688513,672,192,-712
2481688553,1000,80,-184
2481688594,752,376,-928
2481688635,200,192,-792
2481688676,488,488,-888
2481688717,568,376,-712
2481688758,1160,328,-736
2481688798,656,576,-808
2481688839,336,432,-440
2481688880,520,504,-976
2481688921,544,376,-672
2481688962,1064,344,-672
2481689002,696,576,-584
2481689043,520,472,-560
2481689084,296,368,-712
2481689125,544,344,-696
2481689165,952,208,-512
2481689206,632,536,-320
2481689248,320,328,-336
2481689289,440,248,-912
2481689330,600,384,-824
2481689370,672,360,-376
2481689411,952,280,-424
2481689452,744,384,-632
2481689493,568,432,-712
2481689533,192,656,-408
2481689574,440,416,-816
2481689615,1072,512,-248
2481689656,952,640,-344
2481689697,256,472,-680
2481689737,216,792,-792
2481689778,400,536,-992
2481689819,1464,856,-752
2481689860,768,840,-712
2481689901,992,640,-384
2481689941,120,760,-360
2481689982,312,376,-392
2481690023,688,200,-416
2481690064,1016,584,-88
2481690104,536,528,-864
2481690145,56,728,-888
2481690186,272,632,-616
2481690227,400,544,-552
2481690268,1376,816,-440
2481690308,912,848,-760
2481690348,200,888,-1048
2481690388,176,952,-472
2481690428,416,504,-784
2481690594,248,544,-760
2481690634,376,464,-464
2481690675,496,304,-680
2481690724,520,704,-800
2481690760,656,976,-728
2481690798,456,776,-848
2481690839,480,648,-416
2481690879,360,528,-592
2481690920,496,680,-512
2481690961,368,432,-712
2481691002,392,552,-704
2481691042,232,448,-776
2481691083,232,448,-864
2481691124,392,1160,-576
2481691165,360,744,-832
2481691206,400,720,-712
2481691247,368,136,-440
2481691288,432,288,-464
2481691329,360,824,-872
2481691370,464,640,-840
2481691411,392,240,-712
2481691451,392,48,-536
2481691492,264,616,-1144
2481691533,376,696,-872
2481691574,424,464,-768
2481691614,376,-24,-520
2481691655,312,296,-808
2481691696,288,800,-888
2481691737,496,536,-888
2481691778,432,344,-832
2481691818,496,-104,-440
2481691859,360,376,-1176
2481691900,392,800,-928
2481691941,424,560,-720
2481691981,376,216,-808
2481692022,392,192,-632
2481692063,256,360,-1064
2481692104,376,520,-888
2481692145,456,448,-952
2481692185,560,448,-992
2481692226,608,240,-816
2481692267,480,440,-872
2481692308,504,416,-512
2481692348,176,160,-928
2481692389,120,648,-424
2481692430,192,464,-920
2481692471,680,648,-328
2481692511,856,304,-464
2481692552,464,224,-768
2481692593,192,200,-904
2481692634,360,392,-752
2481692674,440,432,-592
2481692715,664,440,-264
2481692756,832,584,-264
2481692797,640,808,-408
2481692837,592,824,-704
2481692878,240,680,-728
2481692919,376,784,-632
2481692960,528,720,-536
2481693001,712,592,-448
2481693041,952,616,128
2481693081,632,616,-264
2481693121,112,704,-768
2481693161,184,960,-536
2481693328,752,880,-640
2481693370,512,816,-848
2481693409,160,720,-576
2481693450,416,576,-560
2481693491,712,752,24
2481693532,848,688,-392
2481693573,488,608,-504
2481693613,384,376,-608
2481693654,232,432,-648
2481693695,440,376,-680
2481693736,616,816,-760
2481693776,552,784,-568
2481693817,528,1032,-744
2481693858,616,784,-336
2481693899,432,648,-480
2481693940,416,672,-712
2481693980,448,264,-816
2481694021,336,384,-664
2481694062,256,648,-1040
2481694103,400,704,-704
2481694143,512,504,-920
2481694184,480,584,-792
2481694225,512,544,-832
2481694266,616,400,-680
2481694307,448,272,-424
2481694347,64,400,-688
2481694388,-112,848,-856
2481694429,256,752,-648
2481694470,1040,984,488
2481694510,848,672,-312
2481694551,392,904,-992
2481694592,0,832,-416
2481694633,192,704,-368
2481694674,488,560,-296
2481694715,792,672,160
2481694755,904,888,-8
2481694796,688,712,-480
2481694837,32,704,-928
2481694878,144,896,-480
2481694918,328,888,-408
2481694959,528,736,-64
2481695000,1008,736,216
2481695041,640,808,-224
2481695082,392,904,-856
2481695123,40,928,-608
2481695164,360,832,-504
2481695205,560,496,-320
2481695246,1144,856,312
2481695286,584,656,-888
2481695327,432,480,-584
2481695368,208,584,-544
2481695409,368,464,-328
2481695450,440,488,-344
2481695490,624,776,-136
2481695531,824,816,-960
2481695572,848,1064,-376
2481695613,696,672,-520
2481695654,488,344,-536
2481695694,568,360,-616
2481695735,400,1160,-1072
2481695776,592,480,-728
2481696428,544,560,-384
2481696469,544,248,-696
2481696510,584,-216,-360
2481696551,456,320,-960
2481696592,576,648,-520
2481696632,592,392,-808
2481696673,600,-112,-456
2481696714,544,136,-848
2481696755,608,784,-608
2481696796,608,560,-448
2481696836,640,272,-848
2481696877,656,-200,-472
2481696918,448,640,-1128
2481696959,560,576,-208
2481696999,632,-184,-376
2481697040,480,152,-1024
2481697087,488,976,-768
2481697127,664,568,-488
2481697167,600,-112,-784
2481697207,496,424,-1152
2481697367,512,400,-816
2481697409,440,856,-1048
2481697449,616,664,-512
2481697490,544,-104,-528
2481697531,288,544,-1472
2481697571,368,864,-656
2481697612,416,536,-832
2481697653,488,560,-1072
2481697693,696,608,-792
2481697734,704,520,-776
2481697775,656,544,-824
2481697816,504,280,-800
2481697857,264,400,-656
2481697898,368,640,-512
2481697938,504,352,-360
2481697979,888,672,-40
2481698020,472,584,-680
2481698061,312,736,-1024
2481698101,336,464,-720
2481698142,352,440,-448
2481698183,736,488,-24
2481698224,648,848,-376
2481698265,312,952,-560
2481698305,248,904,-448
2481698346,312,744,-720
2481698387,520,408,-376
2481698428,864,368,-264
2481698468,584,848,-160
2481698509,536,976,-368
2481698550,216,984,-464
2481698591,400,848,-368
2481698632,464,576,-824
2481698672,744,448,-104
2481698713,704,808,136
2481698754,496,760,-440
2481698796,312,936,-288
2481698840,416,640,-528
2481698876,544,672,-480
2481698917,760,632,-64
2481698958,712,928,-160
2481698998,520,696,-608
2481699039,288,992,-144
2481699081,424,888,-440
2481699122,456,624,-688
2481699162,776,496,-216
2481699203,760,384,-248
2481699244,648,904,-64
2481699285,384,816,-616
2481699326,376,880,-328
2481699366,384,680,-560
2481699407,728,632,-296
2481699448,760,560,-136
2481699489,768,800,-192
2481699530,368,864,-640
2481699570,368,880,-424
2481699611,464,376,-584
2481699652,656,536,-504
2481699693,848,448,-552
2481699734,656,520,-408
2481699774,608,704,-288
2481699815,352,568,-552
2481699855,504,768,-384
2481699895,416,568,-720
2481699935,888,400,-408
2481700101,408,648,-344
2481700141,480,528,-656
2481700182,736,576,-496
2481700231,840,440,-328
2481700265,768,536,-264
2481700306,576,552,-616
2481700346,480,600,-360
2481700386,552,584,-512
2481700427,664,600,-648
2481700468,832,432,-304
2481700509,792,520,-328
2481700549,648,504,-504
2481700590,480,608,-536
2481700631,536,536,-440
2481700672,568,536,-936
2481700714,800,520,-328
2481700753,912,208,-400
2481700794,720,536,-216
2481700835,528,736,-728
2481700876,392,544,-512
2481700917,600,536,-536
2481700957,840,432,-448
2481700998,848,440,-408
2481701039,760,600,-464
2481701081,472,664,-592
2481701122,576,504,-480
2481701164,536,552,-568
2481701203,712,384,-520
2481701244,832,224,-456
2481701285,616,272,-240
2481701325,504,576,-600
2481701366,176,928,-608
2481701407,608,640,-176
2481701448,1008,632,-624
2481701489,888,896,-216
2481701529,736,752,-480
2481701570,272,824,-584
2481701611,432,664,-392
2481701652,592,528,-464
2481701692,1152,840,8
2481701733,848,792,-176
2481701774,648,648,-320
2481701815,32,696,-528
2481701856,344,480,-408
2481701898,552,296,-608
2481701937,1096,824,-480
2481701978,600,536,-536
2481702019,480,368,-808
2481702059,400,376,-584
2481702100,544,384,-648
2481702141,688,432,-608
2481702182,776,672,-864
2481702223,608,624,-680
2481702264,552,696,-360
2481702304,568,976,-1432
2481702345,512,688,-368
2481702386,456,432,-528
2481702426,456,536,-544
2481702467,480,592,-936
2481702508,664,680,-656
2481702549,560,616,-512
2481702589,376,456,-480
2481702629,280,432,-720
2481702669,480,808,-800
2481702834,536,480,-584
2481702880,624,408,-752
2481702916,816,392,-736
2481702957,552,336,-568
2481702998,592,448,-776
2481703039,424,272,-808
2481703080,280,128,-744
2481703121,360,96,-728
2481703162,464,104,-872
2481703202,944,392,-328
2481703243,864,368,-840
2481703284,536,240,-656
2481703325,336,184,-928
2481703366,360,72,-832
2481703407,560,72,-632
2481703447,1072,352,-648
2481703488,672,272,-952
2481703529,536,320,-696
2481703569,224,32,-976
2481703611,424,112,-784
2481703651,496,-24,-672
2481703692,1016,512,-416
2481703733,656,360,-816
2481703774,296,80,-736
2481703814,528,56,-608
2481703855,552,16,-616
2481703896,672,320,-816
2481703937,696,632,-344
2481703977,624,736,-920
2481704018,584,712,-576
2481704059,528,448,-552
2481704100,336,664,-776
2481704141,408,504,-480
2481704181,536,704,-840
2481704222,664,664,-528
2481704263,536,544,-608
2481704304,448,448,-640
2481704344,472,768,-400
2481704385,688,928,-432
2481704426,648,520,-904
2481704466,552,616,-640
2481704507,384,296,-504
2481704548,544,304,-592
2481704589,440,584,-560
2481704630,760,880,-448
2481704670,472,776,-752
2481704711,688,728,-256
2481704752,400,376,-632
2481704793,384,592,-536
2481704833,544,648,-432
2481704874,640,624,-616
2481704915,576,616,-576
2481704956,576,600,-464
2481704998,480,600,-448
2481705038,448,456,-440
2481705079,376,808,-560
2481705120,720,1168,-440
2481705161,488,704,-800
2481705202,376,416,-704
2481705242,528,600,-464
2481705283,616,568,-688
2481705323,664,392,-680
2481705363,568,432,-584
2481705403,496,424,-768
2481705568,568,248,-432
2481705609,648,472,-792
2481705650,640,144,-760
2481705691,656,296,-952
2481705732,584,64,-912
2481705772,584,88,-672
2481705813,568,-16,-144
2481705854,328,-440,-656
2481705895,504,-176,-576
2481705936,456,-128,-680
2481705976,448,-248,-896
2481706017,400,-256,-872
2481706058,368,-136,-888
2481706099,544,0,-1344
2481706139,696,232,-712
2481706180,664,40,-1000
2481706221,792,176,-560
2481706262,544,128,-584
2481706303,136,144,-848
2481706343,416,344,-536
2481706384,392,464,-824
2481706425,632,464,-384
2481706466,944,440,-288
2481706506,584,424,-648
2481706547,408,800,-720
2481706588,120,784,-536
2481706629,432,584,-472
2481706670,648,608,-408
2481706710,968,696,-200
2481706751,760,888,-152
2481706792,416,856,-552
2481706833,152,928,-648
2481706873,424,776,-312
2481706914,576,720,-616
2481706956,1200,960,384
2481706997,608,808,-288
2481707037,304,744,-576
2481707078,128,864,-464
2481707119,408,616,-248
2481707160,384,800,-360
2481707201,368,848,-440
2481707241,360,824,-296
2481707282,352,784,-200
2481707323,360,1024,-328
2481707364,376,1000,-376
2481707404,384,1024,-368
2481707445,368,1040,-320
2481707486,336,1024,-264
2481707527,248,1032,-328
2481707568,216,1000,-312
2481707608,208,1000,-336
2481707649,184,984,-320
2481707690,144,968,-288
2481707731,152,936,-312
2481707772,160,944,-224
2481707812,104,944,-328
2481707853,96,880,-312
2481707894,88,960,-320
2481707935,88,960,-368
2481707975,72,984,-352
2481708016,80,1000,-360
2481708668,48,944,-376
2481708709,40,936,-456
2481708750,80,944,-384
2481708791,56,944,-408
2481708832,40,952,-408
2481708873,32,952,-424
2481708914,48,936,-416
2481708955,56,952,-440
2481708996,64,952,-440
2481709037,72,976,-392
2481709077,72,968,-424
2481709118,72,960,-432
2481709159,104,976,-440
2481709200,96,984,-496
2481709240,168,912,-464
2481709281,184,928,-392
2481709327,208,760,-488
2481709367,160,960,-56
2481709407,144,1008,-200
2481709607,712,984,88
2481709648,-64,1008,-728
2481709689,-192,1080,-40
2481709730,-16,640,-488
2481709771,304,656,-296
2481709811,584,840,-360
2481709852,248,672,-368
2481709893,0,504,-632
2481709934,160,504,-408
2481709974,240,672,-936
2481710015,360,920,-344
2481710055,304,1184,-520
2481710096,272,976,-680
2481710137,232,1016,-480
2481710178,144,928,-440
2481710219,32,256,-456
2481710259,200,704,-704
2481710300,88,312,-696
2481710341,40,880,-464
2481710382,160,696,-464
2481710423,120,896,-672
2481710463,120,880,-424
2481710504,112,760,-576
2481710545,64,648,-512
2481710586,40,952,-584
2481710627,168,640,-424
2481710668,136,672,-608
2481710708,184,608,-744
2481710749,48,872,-704
2481710790,24,1152,-864
2481710831,72,696,-856
2481710873,-16,48,-272
2481710913,0,368,-912
2481710954,24,896,-952
2481710995,24,624,-920
2481711036,8,608,-912
2481711076,96,824,-984
2481711117,184,752,-784
2481711158,376,720,-960
2481711198,280,288,-296
2481711240,32,544,-864
2481711280,-264,1032,-312
2481711403,376,552,-896
2481711443,200,864,-864
2481711486,-224,736,-624
2481711525,168,776,-584
2481711565,112,728,-496
2481711606,352,984,-8
2481711647,448,672,-128
2481711688,240,744,-368
2481711729,56,1088,-472
2481711773,-168,1016,-456
2481711810,264,808,-320
2481711851,160,800,-664
2481711892,608,1112,280
2481711933,584,920,-384
2481711973,344,1080,-536
2481712014,-96,1080,-312
2481712055,184,736,-448
2481712095,400,704,-480
2481712135,808,888,176
2481712175,480,808,-304
2481712340,520,920,112
2481712381,848,792,448
2481712422,528,808,-376
2481712462,32,1000,-680
2481712503,80,944,-536
2481712544,392,848,-760
2481712585,632,968,192
2481712626,928,728,48
2481712666,560,776,-688
2481712707,8,1000,-720
2481712748,152,808,-456
2481712789,408,608,-592
2481712831,744,768,248
2481712873,888,672,-240
2481712912,520,752,-256
2481712953,104,808,-944
2481712994,160,800,-424
2481713035,288,656,-632
2481713075,720,656,344
2481713116,792,608,-328
2481713157,600,656,-336
2481713198,208,832,-784
2481713239,200,1008,-640
2481713279,336,824,-592
2481713320,584,816,-72
2481713360,888,688,136
2481713401,600,664,-408
2481713442,280,872,-736
2481713483,168,888,-360
2481713524,376,632,-688
2481713564,576,488,-600
2481713605,888,856,40
2481713646,704,696,-512
2481713687,280,616,-1032
2481713728,256,552,-800
2481713768,432,312,-440
2481713809,520,520,-624
2481713850,672,720,-416
2481713891,472,680,-632
2481713932,488,808,-280
2481713972,440,536,-376
2481714013,368,368,-512
2481714054,400,568,-552
2481714094,336,640,-568
2481714135,416,824,-624
2481714176,456,960,-600
2481714217,456,992,-504
2481714258,448,976,-232
2481714298,360,664,-464
2481714339,288,768,-328
2481714380,232,592,-704
2481714421,456,904,-776
2481714461,616,792,-440
2481714502,568,840,-520
2481714543,312,720,-472
2481714584,320,1016,-464
2481714624,288,960,-512
2481714665,368,288,-536
2481714706,400,656,-592
2481714748,272,728,-704
2481714789,360,1048,-616
2481714829,368,968,-552
2481714869,376,888,-504
2481714909,376,456,-448
2481715115,448,984,-752
2481715168,568,944,-560
2481715204,544,576,-392
2481715238,496,600,136
2481715278,280,512,-672
2481715319,192,808,-768
2481715360,352,640,-656
2481715401,376,416,-544
2481715441,480,368,-472
2481715482,608,576,-320
2481715523,704,1040,-440
2481715564,600,880,-424
2481715604,448,840,-648
2481715645,272,432,-416
2481715686,408,664,-528
2481715726,472,952,-680
2481715767,448,448,-824
2481715808,512,800,-560
2481715849,456,592,-520
2481715890,520,592,-744
2481715930,584,784,-664
2481715971,648,784,-584
2481716012,648,696,-608
2481716053,576,232,-888
2481716094,488,536,-400
2481716134,128,400,-912
2481716175,248,424,-720
2481716216,480,512,-256
2481716257,1040,776,112
2481716298,576,696,-888
2481716338,448,848,-400
2481716379,16,752,-712
2481716420,376,672,-440
2481716461,464,496,-384
2481716501,592,616,-304
2481716542,872,544,-64
2481716583,480,808,-272
2481716624,408,1008,-272
2481716665,-16,1032,-912
2481716706,192,1056,-320
2481716747,336,752,-440
2481716788,552,832,-72
2481716829,1048,744,312
2481716870,432,776,-368
2481716910,480,1104,-288
2481716951,-160,888,-600
2481716992,264,776,-352
2481717033,384,632,-272
2481717073,840,784,344
2481717114,880,680,-296
2481717155,512,816,-32
2481717196,336,784,-432
2481717236,72,1048,-560
2481717277,360,856,-304
2481717318,544,880,-264
2481717359,1336,824,8
2481717400,736,816,-328
2481717440,624,976,-184
2481717481,104,848,-1184
2481717522,128,1000,-344
2481717563,440,792,-248
2481717603,616,856,-176
2481717643,1128,848,-16
2481717683,768,912,-320
2481717848,488,816,-312
2481717889,608,744,-536
2481717930,1096,784,232
2481717970,816,832,-520
2481718011,528,848,-560
2481718052,168,952,-888
2481718093,200,912,-304
2481718134,416,712,-480
2481718174,752,696,-312
2481718215,1000,560,32
2481718256,592,736,-584
2481718297,376,840,-528
2481718337,48,864,-552
2481718378,296,824,-512
2481718419,392,632,-840
2481718460,784,568,272
2481718500,896,648,-216
2481718541,440,704,-608
2481718582,208,880,-664
2481718623,160,808,-552
2481718664,208,808,-792
2481718705,632,712,-240
2481718746,896,496,-8
2481718787,440,592,-640
2481718828,224,792,-152
2481718868,264,600,-816
2481718909,368,728,-688
2481718950,584,680,-208
2481718991,784,592,-384
2481719032,632,648,-544
2481719073,360,720,-584
2481719113,248,872,-544
2481719154,288,688,-672
2481719195,576,696,-448
2481719236,880,576,-312
2481719276,688,800,-240
2481719317,544,704,-496
2481719358,272,600,-640
2481719399,376,472,-696
2481719440,464,400,-680
2481719480,704,264,-352
2481719521,744,432,-512
2481719562,632,768,-352
2481719603,376,672,-864
2481719643,288,880,-688
2481719684,328,640,-864
2481719725,632,472,-504
2481719766,920,512,-504
2481719807,632,736,-472
2481719847,384,688,-760
2481719888,232,832,-536
2481719929,384,624,-768
2481719970,584,496,-712
2481720010,896,432,-512
2481720051,680,768,-528
2481720092,472,608,-600
2481720133,280,608,-440
2481720173,392,568,-784
2481720214,496,496,-880
2481720255,808,392,-376
2481720296,752,608,-416
2481720949,248,664,-600
2481720990,400,640,-336
2481721031,784,440,-584
2481721072,840,368,-552
2481721113,696,680,-288
2481721153,312,576,-712
2481721194,376,528,-648
2481721235,512,592,-856
2481721276,808,496,-432
2481721316,720,336,-552
2481721357,728,456,-368
2481721398,456,520,-608
2481721439,272,696,-480
2481721480,416,568,-960
2481721520,520,440,-744
2481721567,840,416,-192
2481721607,784,472,-328
2481721647,704,472,-552
2481721687,360,640,-672
2481721846,984,408,-224
2481721893,680,488,-448
2481721928,208,592,-784
2481721969,288,552,-568
2481722010,496,432,-408
2481722051,872,576,-336
2481722091,536,712,-472
2481722132,528,360,-456
2481722173,240,352,-720
2481722214,472,384,-448
2481722254,640,256,-736
2481722295,592,616,-784
2481722336,624,664,-416
2481722377,512,1128,-912
2481722417,536,968,-480