2094843198,-192,1024,-136
2094843238,-216,1016,-144
2094843279,-200,1008,-120
2094843319,-200,992,-120
2094843359,-208,1000,-136
2094843568,-200,1024,-64
2094843605,-200,1024,-144
2094843661,-200,1016,-136
2094843695,-200,1008,-144
2094843729,-232,1008,-120
2094843769,-224,1000,-120
2094843810,-216,1016,-136
2094843850,-216,1008,-136
2094843891,-224,1016,-152
2094843932,-216,1024,-152
2094843973,-216,1016,-136
2094844014,-224,1008,-144
2094844055,-232,1008,-152
2094844095,-224,1008,-144
2094844136,-200,968,-128
2094844177,-216,984,-136
2094844218,-216,984,-152
2094844258,-208,1000,-144
2094844299,-216,1000,-128
2094844340,-224,1000,-136
2094844381,-216,992,-144
2094844422,-224,1000,-128
2094844462,-216,1000,-136
2094844503,-208,1000,-168
2094844544,-216,1016,-152
2094844585,-216,1024,-120
2094844625,-224,1016,-136
2094844666,-240,976,-144
2094844707,-232,984,-128
2094844748,-232,1000,-176
2094844789,-240,984,-152
2094844830,-224,992,-104
2094844871,-224,992,-144
2094844912,-232,992,-128
2094844953,-240,992,-152
2094844995,-240,984,-128
2094845034,-224,992,-128
2094845077,-208,1008,-136
2094845116,-216,1008,-136
2094845157,-216,1016,-176
2094845198,-224,1008,-112
2094845238,-224,1008,-128
2094845279,-232,1000,-152
2094845320,-224,992,-144
2094845361,-216,1000,-104
2094845401,-224,992,-152
2094845442,-224,1008,-128
2094845483,-224,1008,-128
2094845524,-232,992,-136
2094845565,-216,1000,-136
2094845605,-216,1008,-128
2094845646,-224,1008,-152
2094845687,-240,1008,-136
2094845728,-224,992,-112
2094845769,-224,1000,-144
2094845809,-216,1008,-144
2094845850,-216,1000,-144
2094845891,-224,1016,-144
2094845932,-224,1008,-160
2094845973,-232,1008,-128
2094846013,-224,1016,-136
2094846053,-208,992,-160
2094846093,-216,1024,-128
2094846133,-208,1032,-144
2094846299,-208,1000,-120
2094846340,-232,1000,-160
2094846381,-216,1024,-136
2094846422,-216,1016,-136
2094846462,-224,992,-136
2094846503,-216,992,-72
2094846544,-216,1008,-104
2094846585,-224,1008,-192
2094846626,-216,1008,-112
2094846667,-208,1032,-120
2094846707,-216,1032,-152
2094846748,-208,1016,-144
2094846789,-240,1016,-136
2094846831,-232,1008,-176
2094846871,-224,1000,-160
2094846912,-224,1000,-136
2094846953,-240,1008,-160
2094846994,-224,1008,-144
2094847035,-232,1000,-104
2094847075,-256,1000,-152
2094847116,-232,984,-128
2094847157,-232,984,-136
2094847198,-224,984,-144
2094847238,-232,992,-144
2094847280,-240,1008,-192
2094847320,-232,1016,-120
2094847361,-232,1024,-160
2094847402,-224,1016,-144
2094847442,-232,1024,-176
2094847483,-232,1016,-160
2094847524,-232,1008,-128
2094847565,-232,1008,-152
2094847606,-240,1000,-144
2094847646,-232,992,-136
2094847687,-232,992,-144
2094847728,-232,992,-136
2094847769,-240,992,-168
2094847810,-232,992,-128
2094847850,-216,1016,-152
2094847893,-248,1016,-168
2094847932,-232,1000,-168
2094847973,-232,1000,-184
2094848013,-240,984,-184
2094848054,-232,992,-112
2094848095,-232,992,-152
2094848136,-232,1000,-120
2094848177,-216,1000,-160
2094848217,-208,1000,-144
2094848258,-224,1000,-144
2094848299,-224,1008,-136
2094848340,-232,1016,-152
2094848381,-232,1024,-152
2094848421,-232,1000,-160
2094848462,-224,1000,-144
2094848503,-232,1000,-152
2094848544,-232,1000,-136
2094848584,-256,1000,-152
2094848625,-248,1000,-144
2094848666,-240,1000,-152
2094848707,-232,1008,-152
2094848748,-224,1008,-136
2094848788,-192,1008,-152
2094848828,-208,1016,-120
2094848868,-216,1008,-136
2094849034,-240,992,-128
2094849075,-232,992,-112
2094849129,-232,1008,-144
2094849171,-224,992,-144
2094849207,-232,1000,-152
2094849248,-216,1000,-136
2094849284,-224,1000,-136
2094849321,-232,1000,-144
2094849362,-232,1008,-176
2094849402,-232,1008,-136
2094849442,-232,1000,-144
2094849483,-224,1000,-144
2094849524,-232,1000,-160
2094849565,-232,1000,-152
2094849605,-224,1000,-152
2094849646,-224,1000,-152
2094849687,-224,1008,-120
2094849728,-224,1008,-160
2094849769,-224,1000,-136
2094849809,-224,1000,-144
2094849850,-224,1000,-152
2094849891,-224,1008,-152
2094849932,-224,1000,-152
2094849972,-224,992,-160
2094850013,-224,1000,-152
2094850054,-224,992,-144
2094850095,-224,1000,-144
2094850136,-224,1000,-136
2094850177,-224,992,-144
2094850217,-224,1000,-136
2094850258,-224,1000,-144
2094850299,-224,1000,-152
2094850340,-232,1000,-144
2094850380,-232,1000,-144
2094850421,-240,992,-152
2094850462,-232,1000,-144
2094850503,-240,1008,-152
2094850544,-224,1008,-136
2094850584,-232,1008,-152
2094850625,-240,1000,-144
2094850666,-240,1008,-136
2094850707,-232,1000,-144
2094850748,-232,1000,-144
2094850789,-232,992,-144
2094850830,-240,1000,-160
2094850871,-232,1000,-144
2094850912,-232,984,-120
2094850953,-240,992,-136
2094850993,-240,992,-136
2094851035,-224,992,-144
2094851075,-232,1000,-144
2094851116,-232,1000,-152
2094851157,-232,1000,-136
2094851197,-232,1000,-144
2094851238,-240,1000,-152
2094851279,-240,992,-128
2094851320,-232,992,-136
2094851362,-232,1008,-160
2094851401,-232,1000,-144
2094851442,-240,1000,-152
2094851483,-240,1000,-152
2094851523,-232,1000,-128
2094851563,-224,976,-144
2094851603,-224,984,-144
2094851768,-224,1016,-200
2094851810,-232,1016,-168
2094851850,-232,1016,-152
2094851891,-240,1000,-144
2094851932,-240,992,-160
2094851972,-240,1000,-128
2094852013,-232,1008,-136
2094852054,-232,1000,-128
2094852095,-240,1008,-176
2094852136,-240,1000,-128
2094852176,-240,1000,-144
2094852217,-232,992,-152
2094852258,-232,1008,-136
2094852299,-224,1008,-136
2094852340,-232,1008,-144
2094852380,-232,1000,-128
2094852421,-224,1008,-168
2094852462,-232,1000,-136
2094852503,-224,1000,-120
2094852543,-232,992,-144
2094852584,-232,992,-144
2094852625,-232,1000,-136
2094852666,-232,1000,-152
2094852706,-240,1008,-160
2094852748,-240,1000,-136
2094852789,-232,1008,-128
2094852830,-232,1008,-152
2094852871,-224,1008,-136
2094852911,-216,1008,-128
2094852952,-224,1000,-136
2094852993,-224,1000,-128
2094853034,-224,1000,-136
2094853074,-224,1008,-112
2094853115,-224,984,-144
2094853156,-216,984,-128
2094853197,-232,992,-128
2094853239,-224,992,-168
2094853278,-224,1000,-152
2094853321,-216,992,-104
2094853360,-216,992,-136
2094853401,-216,1008,-136
2094853441,-216,1000,-128
2094853482,-240,1008,-136
2094853523,-240,1000,-152
2094853564,-240,1008,-144
2094853604,-232,1008,-128
2094853645,-232,1008,-120
2094853686,-232,1008,-128
2094853727,-232,1008,-136
2094853768,-224,1024,-136
2094853808,-240,1016,-136
2094853849,-232,1024,-136
2094853890,-240,1024,-136
2094853931,-248,1016,-136
2094853971,-248,1016,-144
2094854012,-248,1008,-144
2094854053,-256,1000,-120
2094854094,-248,984,-152
2094854135,-256,960,-160
2094854175,-264,968,-168
2094854216,-256,968,-192
2094854870,-264,1000,-144
2094854911,-256,992,-120
2094854951,-256,1000,-152
2094854992,-248,1000,-136
2094855033,-256,1000,-152
2094855074,-256,1000,-152
2094855114,-256,1008,-176
2094855155,-248,1008,-136
2094855196,-248,1008,-136
2094855237,-248,1000,-128
2094855278,-248,1000,-152
2094855318,-248,1000,-112
2094855359,-240,1000,-128
2094855400,-240,1000,-120
2094855441,-224,1000,-144
2094855492,-216,1016,-80
2094855532,-240,1000,-96
2094855572,-232,1000,-168
2094855612,-232,1008,-144
2094855767,-232,1000,-160
2094855813,-232,1008,-160
2094855850,-232,1000,-152
2094855890,-232,1000,-152
2094855930,-240,992,-184
2094855971,-248,984,-144
2094856012,-240,992,-144
2094856053,-240,992,-152
2094856094,-240,1000,-136
2094856135,-248,1008,-152
2094856175,-240,1016,-112
2094856216,-240,1008,-128
2094856257,-232,1000,-160
2094856298,-232,1000,-152
2094856338,-264,1016,-152
2094856379,-248,1016,-152
2094856420,-232,1000,-136
2094856461,-240,1008,-144
2094856502,-240,1008,-152
2094856542,-248,1000,-128
2094856583,-248,1000,-144
2094856624,-240,976,-152
2094856665,-240,984,-136
2094856706,-240,984,-144
2094856747,-240,992,-152
2094856788,-240,1000,-144
2094856830,-240,1000,-152
2094856870,-240,1000,-152
2094856911,-240,1000,-152
2094856951,-240,1000,-144
2094856992,-240,1000,-136
2094857033,-240,992,-152
2094857074,-240,1000,-152
2094857114,-240,1000,-152
2094857155,-240,1000,-152
2094857196,-232,1008,-160
2094857237,-240,1000,-144
2094857278,-232,992,-144
2094857318,-240,1000,-168
2094857359,-240,1000,-160
2094857400,-248,1008,-168
2094857441,-248,992,-152
2094857482,-232,1000,-152
2094857522,-240,1000,-152
2094857563,-240,1000,-136
2094857604,-248,1016,-160
2094857645,-256,1024,-168
2094857685,-264,1072,-152
2094857726,-304,1136,-192
2094857767,-320,1128,-192
2094857808,-336,1136,-240
2094857848,-352,1112,-216
2094857889,-376,1064,-200
2094857930,-400,1048,-216
2094857971,-440,1040,-32
2094858011,-472,1000,-288
2094858052,-496,976,-232
2094858093,-560,888,-264
2094858134,-576,800,-256
2094858175,-592,736,-248
2094858215,-608,672,-320
2094858255,-632,608,-352
2094858295,-656,576,-344
2094858335,-704,576,-360
2094858501,-736,344,-448
2094858542,-744,352,-368
2094858598,-768,344,-552
2094858638,-744,312,-544
2094858672,-760,328,-496
2094858706,-760,312,-512
2094858747,-768,256,-512
2094858788,-784,232,-528
2094858828,-800,232,-464
2094858869,-808,264,-496
2094858910,-816,216,-544
2094858950,-816,184,-536
2094858991,-808,192,-544
2094859032,-800,152,-560
2094859076,-816,168,-528
2094859114,-792,136,-528
2094859154,-776,128,-568
2094859197,-784,128,-552
2094859236,-784,128,-536
2094859280,-792,128,-544
2094859318,-784,112,-560
2094859359,-792,104,-560
2094859400,-800,80,-608
2094859440,-792,88,-584
2094859481,-808,112,-576
2094859522,-800,104,-568
2094859562,-800,80,-552
2094859603,-784,96,-568
2094859644,-792,96,-576
2094859685,-776,56,-568
2094859728,-784,56,-584
2094859768,-776,64,-592
2094859808,-760,56,-560
2094859848,-728,96,-536
2094859889,-752,88,-552
2094859932,-776,88,-536
2094859972,-768,64,-592
2094860012,-768,104,-544
2094860052,-776,80,-592
2094860093,-752,88,-576
2094860134,-752,120,-488
2094860174,-744,168,-504
2094860215,-752,168,-504
2094860256,-760,232,-496
2094860297,-744,264,-472
2094860338,-736,344,-416
2094860379,-728,408,-376
2094860421,-704,448,-312
2094860460,-672,536,-312
2094860501,-664,560,-224
2094860541,-680,592,-168
2094860582,-680,640,-248
2094860623,-672,656,-88
2094860664,-664,760,-48
2094860706,-656,832,-24
2094860747,-664,880,80
2094860787,-616,904,72
2094860828,-576,936,24
2094860869,-560,952,0
2094860910,-544,968,-16
2094860951,-528,992,-72
2094860991,-504,1008,-64
2094861031,-480,1032,-112
2094861071,-464,1080,-168
2094861236,-408,1024,-80
2094861279,-408,1000,-72
2094861317,-376,1016,-56
2094861358,-360,968,-48
2094861399,-328,952,-80
2094861440,-344,968,8
2094861481,-360,960,-32
2094861521,-360,992,-32
2094861562,-352,1008,-40
2094861605,-352,1000,-80
2094861649,-344,976,-120
2094861685,-352,992,-40
2094861725,-360,1008,-56
2094861766,-360,992,-56
2094861807,-360,1000,-64
2094861854,-376,976,-64
2094861895,-384,992,-96
2094861932,-368,992,-120
2094861974,-376,1032,-16
2094862011,-368,1016,-40
2094862052,-368,976,-48
2094862093,-352,984,-24
2094862133,-368,984,-24
2094862174,-376,984,-40
2094862215,-368,984,16
2094862256,-360,976,-32
2094862296,-360,968,-112
2094862337,-368,984,-72
2094862378,-360,1000,-48
2094862419,-360,976,-72
2094862460,-336,984,-64
2094862500,-360,984,-120
2094862541,-344,984,-48
2094862585,-352,1000,-64
2094862623,-328,992,-56
2094862664,-336,1008,-48
2094862708,-336,1008,-56
2094862748,-320,1000,-96
2094862787,-328,1000,-40
2094862828,-336,992,-48
2094862869,-336,992,-64
2094862909,-336,984,-56
2094862951,-336,992,-16
2094862993,-336,984,-64
2094863035,-344,984,-48
2094863078,-344,976,-80
2094863118,-360,968,-136
2094863154,-368,976,-40
2094863197,-368,984,-56
2094863236,-352,1000,-56
2094863278,-344,1016,-48
2094863323,-344,1000,-48
2094863362,-344,1008,-56
2094863399,-328,1000,-8
2094863439,-376,976,-48
2094863480,-344,976,-24
2094863521,-328,960,-16
2094863562,-312,968,-40
2094863603,-320,984,-32
2094863647,-352,992,-40
2094863684,-360,992,-64
2094863724,-352,984,-104
2094863764,-352,984,-64
2094863804,-352,1000,-32
2094863970,-392,1000,-8
2094864011,-400,992,-64
2094864052,-408,1000,-56
2094864092,-416,992,-40
2094864133,-408,1032,-72
2094864174,-416,1032,-64
2094864215,-440,1016,-72
2094864255,-416,984,-120
2094864296,-416,952,-96
2094864339,-424,936,-112
2094864378,-456,944,-136
2094864420,-456,952,-128
2094864459,-496,920,-128
2094864500,-496,920,-152
2094864543,-472,912,-104
2094864582,-472,840,-168
2094864623,-472,808,-144
2094864664,-496,808,-136
2094864705,-504,808,-120
2094864746,-528,816,-160
2094864787,-560,856,-176
2094864827,-560,872,-208
2094864868,-584,904,-208
2094864909,-624,928,-280
2094864950,-664,936,-256
2094864990,-680,888,-288
2094865032,-696,872,-288
2094865072,-704,824,-304
2094865115,-720,776,-344
2094865156,-728,720,-368
2094865194,-720,680,-360
2094865235,-712,600,-360
2094865276,-728,552,-392
2094865317,-720,496,-392
2094865358,-728,440,-448
2094865398,-712,400,-424
2094865440,-704,376,-448
2094865480,-736,384,-504
2094865521,-720,352,-520
2094865562,-728,296,-520
2094865602,-736,296,-520
2094865643,-744,280,-520
2094865684,-736,280,-528
2094865725,-752,248,-520
2094865766,-768,240,-568
2094865806,-776,240,-520
2094865847,-768,232,-552
2094865888,-776,200,-576
2094865929,-792,192,-504
2094865969,-792,152,-592
2094866010,-808,168,-584
2094866051,-824,208,-544
2094866092,-808,144,-568
2094866133,-816,168,-584
2094866174,-816,136,-568
2094866214,-800,112,-544
2094866255,-816,104,-560
2094866296,-784,88,-536
2094866337,-800,88,-552
2094866377,-784,64,-560
2094866418,-792,56,-568
2094867072,-760,56,-512
2094867113,-776,48,-552
2094867153,-768,72,-536
2094867194,-768,80,-544
2094867235,-768,64,-608
2094867276,-792,160,-536
2094867317,-792,160,-520
2094867357,-784,208,-512
2094867398,-744,240,-488
2094867439,-744,304,-400
2094867480,-728,344,-368
2094867521,-704,328,-376
2094867561,-728,352,-368
2094867602,-728,408,-320
2094867643,-712,448,-296
2094867684,-720,496,-288
2094867730,-720,560,-336
2094867770,-720,664,-264
2094867810,-760,744,-256
2094867850,-720,800,-200
2094868010,-552,856,-136
2094868059,-536,896,-128
2094868099,-520,904,-72
2094868134,-480,936,-88
2094868173,-456,984,-64
2094868214,-416,1016,-96
2094868255,-384,1056,-104
2094868296,-376,1112,-56
2094868337,-392,1120,-80
2094868377,-360,1112,-104
2094868418,-304,1080,-104
2094868459,-304,1056,-96
2094868500,-296,1032,-80
2094868541,-280,1016,-104
2094868582,-280,1008,-64
2094868623,-280,1008,-64
2094868664,-272,1000,-56
2094868705,-280,1000,-88
2094868746,-272,1000,-64
2094868786,-280,1000,-80
2094868827,-288,1000,-64
2094868868,-288,992,-72
2094868909,-296,992,-56
2094868949,-312,976,-72
2094868990,-304,984,-48
2094869031,-312,992,-56
2094869072,-312,1000,-88
2094869112,-320,1000,-40
2094869153,-344,1000,-64
2094869194,-328,1016,-56
2094869235,-304,1008,-40
2094869275,-304,1000,-88
2094869317,-304,1000,-48
2094869357,-328,1000,-64
2094869398,-312,992,-56
2094869439,-312,1000,-48
2094869480,-312,1000,-24
2094869520,-304,1000,-40
2094869561,-304,1032,-64
2094869602,-304,1032,-112
2094869643,-312,1024,-56
2094869684,-304,1000,-64
2094869724,-312,992,-64
2094869765,-312,992,-64
2094869806,-328,976,-48
2094869849,-312,968,-64
2094869890,-312,984,-64
2094869928,-304,992,-48
2094869971,-304,1000,-64
2094870012,-288,976,-64
2094870051,-288,976,-64
2094870094,-296,984,-80
2094870136,-304,1000,-80
2094870177,-272,984,-72
2094870214,-296,976,-72
2094870257,-312,984,-72
2094870299,-312,984,-48
2094870336,-312,992,-64
2094870377,-320,992,-56
2094870418,-312,1000,-56
2094870459,-320,1000,-64
2094870499,-328,1024,-72
2094870539,-328,1008,-72
2094870579,-320,1000,-24
2094870745,-328,976,-56
2094870790,-336,992,-80
2094870827,-320,1016,-64
2094870868,-304,1000,-112
2094870908,-304,984,-32
2094870949,-296,976,-64
2094870990,-304,1000,-56
2094871033,-304,992,-96
2094871073,-320,1008,-48
2094871112,-344,1024,-88
2094871153,-368,1032,-112
2094871194,-384,1000,-104
2094871235,-392,1032,-168
2094871276,-416,1040,-152
2094871316,-432,1048,-104
2094871357,-456,1016,-152
2094871398,-480,1000,-200
2094871438,-488,976,-192
2094871479,-512,968,-168
2094871520,-528,928,-208
2094871561,-560,880,-192
2094871603,-568,856,-248
2094871643,-608,800,-248
2094871683,-624,760,-312
2094871724,-648,720,-320
2094871765,-640,656,-336
2094871806,-664,632,-344
2094871847,-696,592,-352
2094871887,-712,568,-400
2094871928,-728,536,-432
2094871969,-736,496,-432
2094872010,-736,448,-480
2094872050,-720,424,-456
2094872091,-720,400,-496
2094872132,-712,376,-496
2094872173,-736,360,-504
2094872214,-744,368,-456
2094872254,-744,344,-504
2094872295,-744,304,-512
2094872336,-752,264,-552
2094872377,-744,264,-528
2094872418,-760,264,-536
2094872458,-744,232,-504
2094872499,-768,232,-488
2094872540,-784,216,-544
2094872581,-800,216,-520
2094872622,-800,216,-552
2094872663,-792,200,-576
2094872704,-784,192,-560
2094872745,-792,184,-576
2094872785,-784,168,-600
2094872827,-768,176,-520
2094872867,-752,152,-624
2094872908,-776,128,-576
2094872949,-768,144,-568
2094872989,-760,128,-576
2094873030,-776,112,-552
2094873071,-768,120,-552
2094873112,-760,80,-560
2094873153,-760,72,-592
2094873193,-760,88,-584
2094873233,-760,88,-592
2094873273,-768,112,-600
2094873313,-744,80,-592
2094873479,-776,72,-576
2094873520,-752,72,-584
2094873560,-776,80,-584
2094873601,-768,104,-560
2094873642,-768,112,-480
2094873683,-752,128,-520
2094873724,-752,136,-560
2094873764,-752,184,-568
2094873805,-744,200,-528
2094873846,-744,264,-544
2094873887,-720,256,-496
2094873927,-680,328,-496
2094873968,-680,368,-376
2094874009,-664,408,-416
2094874050,-712,424,-432
2094874091,-720,472,-376
2094874132,-744,496,-464
2094874172,-744,512,-368
2094874213,-760,560,-416
2094874254,-728,616,-320
2094874295,-744,656,-320
2094874335,-720,704,-288
2094874376,-680,696,-240
2094874417,-632,736,-296
2094874458,-600,736,-240
2094874499,-584,760,-160
2094874539,-560,840,-192
2094874581,-536,904,-88
2094874622,-496,976,-104
2094874663,-472,1000,-152
2094874703,-456,1000,-192
2094874744,-440,1016,-136
2094874785,-424,1056,-160
2094874826,-400,1040,-104
2094874867,-384,1056,-208
2094874907,-368,1056,-232
2094874948,-368,1064,-248
2094874989,-344,1040,-192
2094875030,-320,1024,-200
2094875070,-304,1016,-160
2094875111,-296,1024,-168
2094875152,-280,1000,-136
2094875193,-288,1008,-96
2094875233,-296,1000,-144
2094875274,-288,976,-112
2094875315,-288,992,-120
2094875356,-288,992,-136
2094875399,-288,968,-152
2094875441,-304,984,-168
2094875478,-288,960,-136
2094875521,-288,960,-184
2094875560,-296,976,-160
2094875601,-296,984,-184
2094875641,-296,992,-128
2094875682,-312,968,-160
2094875724,-304,992,-144
2094875764,-304,1024,-128
2094875806,-296,1000,-136
2094875845,-296,992,-120
2094875888,-312,968,-40
2094875927,-304,984,-128
2094875967,-320,984,-168
2094876007,-296,968,-144
2094876047,-296,992,-120
2094876212,-320,968,-136
2094876253,-320,1000,-136
2094876294,-328,1000,-120
2094876334,-320,984,-176
2094876375,-320,976,-112
2094876416,-304,984,-128
2094876457,-312,976,-120
2094876498,-304,992,-120
2094876539,-296,976,-112
2094876580,-296,984,-96
2094876621,-304,992,-120
2094876662,-296,992,-136
2094876704,-312,1008,-200
2094876743,-296,968,-96
2094876784,-288,984,-104
2094876826,-296,1008,-152
2094876865,-312,1008,-128
2094876908,-312,992,-144
2094876947,-312,1000,-112
2094876990,-296,1008,-120
2094877029,-304,1000,-128
2094877069,-304,1000,-128
2094877110,-312,976,-120
2094877151,-312,976,-112
2094877192,-312,984,-120
2094877233,-304,952,-120
2094877273,-304,968,-112
2094877316,-344,960,-104
2094877355,-336,968,-128
2094877395,-320,976,-128
2094877436,-312,1000,-72
2094877477,-320,1016,-112
2094877518,-344,1008,-104
2094877559,-328,1000,-152
2094877600,-320,992,-112
2094877640,-320,984,-112
2094877681,-320,984,-104
2094877722,-320,992,-104
2094877763,-320,1000,-184
2094877803,-304,992,-112
2094877844,-296,992,-120
2094877885,-288,1008,-112
2094877926,-320,1008,-128
2094877967,-304,1000,-128
2094878007,-312,992,-48
2094878048,-312,992,-120
2094878089,-312,984,-144
2094878130,-296,1000,-112
2094878171,-304,992,-128
2094878211,-312,1000,-112
2094878252,-320,992,-104
2094878293,-312,1008,-136
2094878334,-320,1000,-120
2094878374,-320,992,-128
2094878415,-320,992,-120
2094878456,-328,1008,-120
2094878498,-320,1000,-104
2094878539,-320,984,-128
2094878579,-304,992,-136
2094878620,-320,984,-128
2094878661,-320,984,-128
2094879314,-568,736,-344
2094879355,-600,696,-304
2094879395,-648,656,-312
2094879436,-664,624,-344
2094879477,-696,576,-352
2094879518,-760,504,-344
2094879558,-808,440,-360
2094879599,-808,408,-352
2094879640,-816,360,-376
2094879681,-856,336,-424
2094879722,-856,296,-408
2094879763,-848,280,-424
2094879803,-840,256,-448
2094879844,-832,248,-440
2094879885,-832,208,-472
2094879926,-832,200,-480
2094879972,-808,176,-480
2094880012,-816,160,-480
2094880052,-808,160,-504
2094880092,-824,144,-464
2094880252,-816,72,-544
2094880295,-832,64,-568
2094880334,-816,56,-536
2094880375,-816,48,-536
2094880415,-808,32,-528
2094880456,-800,24,-544
2094880498,-816,16,-568
2094880538,-816,0,-552
2094880579,-808,40,-560
2094880620,-800,8,-544
2094880661,-800,-16,-568
2094880702,-792,-16,-536
2094880743,-800,-32,-536
2094880783,-792,-24,-552
2094880824,-792,-32,-544
2094880867,-760,-32,-568
2094880906,-768,-24,-552
2094880946,-784,-48,-568
2094880987,-800,-48,-576
2094881028,-776,-88,-576
2094881069,-792,-64,-544
2094881109,-784,-56,-560
2094881150,-840,-24,-560
2094881191,-808,-24,-576
2094881232,-808,-32,-552
2094881273,-816,-24,-536
2094881313,-800,-32,-544
2094881354,-776,-16,-544
2094881395,-784,-24,-536
2094881436,-784,-32,-536
2094881477,-784,-8,-528
2094881518,-816,-24,-584
2094881559,-800,40,-512
2094881599,-808,24,-560
2094881640,-784,32,-472
2094881681,-784,96,-528
2094881722,-744,72,-472
2094881762,-720,144,-480
2094881804,-656,192,-384
2094881844,-640,216,-408
2094881885,-632,288,-440
2094881926,-672,360,-416
2094881970,-656,384,-424
2094882007,-672,496,-280
2094882048,-672,608,-448
2094882090,-688,672,-320
2094882131,-688,776,-408
2094882170,-648,848,-320
2094882211,-632,880,-344
2094882252,-584,904,-304
2094882293,-552,920,-272
2094882334,-496,896,-288
2094882374,-488,888,-248
2094882415,-448,880,-200
2094882456,-416,856,-160
2094882498,-352,992,-192
2094882539,-304,1056,-256
2094882579,-248,1144,-264
2094882621,-240,1152,-320
2094882661,-216,1160,-288
2094882702,-200,1104,-128
2094882742,-224,1064,-224
2094882782,-208,1016,-208
2094882822,-216,984,-216
2094882987,-200,992,-232
2094883028,-184,992,-240
2094883069,-192,984,-232
2094883110,-184,984,-208
2094883150,-208,984,-264
2094883191,-216,952,-232
2094883232,-224,968,-184
2094883273,-192,984,-240
2094883314,-200,1000,-200
2094883355,-216,984,-168
2094883395,-224,984,-192
2094883436,-200,992,-152
2094883477,-216,984,-232
2094883518,-208,984,-208
2094883559,-200,976,-176
2094883599,-200,976,-208
2094883642,-200,992,-152
2094883681,-200,992,-192
2094883722,-200,992,-208
2094883763,-208,1000,-200
2094883803,-200,1000,-200
2094883844,-200,992,-184
2094883885,-200,984,-208
2094883926,-224,992,-208
2094883966,-208,992,-224
2094884007,-216,1040,-200
2094884048,-208,1008,-208
2094884089,-216,976,-192
2094884130,-232,992,-208
2094884170,-216,1016,-256
2094884213,-224,1008,-200
2094884252,-216,1000,-176
2094884293,-216,992,-192
2094884334,-208,992,-240
2094884375,-208,1008,-216
2094884415,-192,992,-192
2094884456,-184,1000,-216
2094884498,-216,984,-208
2094884539,-216,984,-216
2094884582,-224,976,-216
2094884620,-200,1008,-216
2094884661,-208,1000,-208
2094884702,-192,992,-256
2094884743,-200,1000,-200
2094884783,-224,1000,-208
2094884824,-208,992,-184
2094884865,-232,1000,-224
2094884906,-216,1000,-192
2094884947,-240,992,-192
2094884987,-232,1008,-192
2094885028,-232,1008,-224
2094885069,-224,1008,-208
2094885110,-216,1016,-240
2094885151,-240,1016,-208
2094885191,-240,984,-248
2094885232,-216,976,-216
2094885273,-256,992,-200
2094885314,-224,992,-216
2094885355,-240,976,-152
2094885395,-224,984,-256
2094885436,-224,992,-216
2094885476,-216,1000,-200
2094885516,-240,984,-208
2094885556,-216,976,-240
2094885722,-224,1000,-232
2094885763,-200,1008,-208
2094885803,-208,1016,-192
2094885844,-200,1008,-200
2094885885,-200,1000,-224
2094885926,-200,1016,-184
2094885967,-224,984,-200
2094886007,-240,1000,-216
2094886048,-232,976,-192
2094886089,-232,976,-200
2094886130,-224,992,-192
2094886171,-216,1000,-192
2094886212,-216,1008,-208
2094886253,-216,1000,-192
2094886293,-216,992,-184
2094886334,-208,992,-208
2094886375,-224,1000,-192
2094886416,-216,992,-184
2094886457,-224,1000,-200
2094886498,-224,1000,-176
2094886539,-224,1000,-176
2094886580,-224,1008,-176
2094886621,-224,1008,-184
2094886661,-224,1000,-192
2094886702,-216,1008,-200
2094886743,-216,1000,-200
2094886784,-216,992,-192
2094886825,-216,992,-192
2094886866,-240,984,-176
2094886906,-224,992,-192
2094886947,-240,992,-192
2094886990,-240,1000,-256
2094887028,-216,976,-152
2094887069,-216,984,-200
2094887110,-216,984,-192
2094887151,-224,984,-200
2094887192,-216,976,-224
2094887233,-208,1000,-192
2094887273,-216,992,-208
2094887314,-208,1000,-208
2094887355,-208,1016,-224
2094887396,-224,1000,-200
2094887436,-232,1000,-240
2094887477,-272,1008,-224
2094887518,-304,1024,-248
2094887559,-312,1056,-264
2094887600,-360,1088,-232
2094887640,-344,1104,-240
2094887681,-384,1064,-216
2094887722,-416,1008,-232
2094887763,-440,984,-256
2094887804,-464,944,-320
2094887844,-512,904,-272
2094887885,-520,896,-360
2094887926,-552,848,-344
2094887967,-584,808,-368
2094888007,-616,776,-320
2094888048,-632,696,-328
2094888089,-648,616,-392
2094888130,-664,544,-376
2094888171,-672,488,-368
2094888211,-704,432,-400
2094888251,-728,408,-472
2094888291,-744,384,-456
2094888456,-720,336,-536
2094888498,-752,280,-552
2094888539,-776,248,-552
2094888580,-776,256,-544
2094888621,-776,224,-560
2094888661,-792,224,-544
2094888702,-784,184,-568
2094888743,-792,176,-544
2094888784,-800,136,-544
2094888826,-784,120,-584
2094888865,-792,104,-544
2094888906,-792,88,-520
2094888947,-800,56,-560
2094888988,-792,56,-560
2094889029,-744,40,-568
2094889069,-752,24,-568
2094889110,-768,16,-568
2094889151,-776,0,-592
2094889192,-784,16,-616
2094889233,-768,8,-576
2094889273,-784,-8,-576
2094889314,-784,-24,-576
2094889355,-752,-40,-568
2094889396,-768,-72,-528
2094889437,-744,-80,-576
2094889477,-760,-80,-568
2094889518,-744,-72,-560
2094889559,-744,-80,-568
2094889600,-760,-64,-600
2094889641,-768,-96,-600
2094889681,-776,-80,-568
2094889722,-760,-72,-592
2094889763,-760,-64,-576
2094889804,-760,-64,-584
2094889844,-760,-64,-576
2094889885,-776,-80,-576
2094889926,-768,-80,-560
2094889967,-768,-72,-544
2094890008,-776,-80,-584
2094890048,-760,-72,-576
2094890089,-760,-72,-568
2094890130,-744,-64,-576
2094890171,-752,-72,-592
2094890212,-760,-24,-584
2094890252,-776,-24,-608
2094890293,-768,0,-576
2094890334,-776,24,-544
2094890375,-752,40,-544
2094890416,-744,56,-488
2094890456,-688,104,-504
2094890498,-664,160,-480
2094890539,-648,176,-456
2094890579,-672,208,-520
2094890620,-680,248,-440
2094890661,-696,296,-448
2094890702,-704,352,-376
2094890743,-688,408,-352
2094890784,-688,504,-384
2094890824,-688,608,-288
2094890865,-704,712,-352
2094890906,-688,808,-416
2094891559,-248,1056,-176
2094891599,-240,1048,-224
2094891640,-232,1032,-200
2094891681,-232,992,-176
2094891722,-224,1000,-208
2094891763,-224,992,-192
2094891803,-240,1000,-192
2094891844,-240,1024,-176
2094891885,-232,1024,-176
2094891926,-240,1008,-216
2094891966,-264,1000,-232
2094892007,-248,1000,-192
2094892048,-248,1000,-184
2094892089,-240,1008,-176
2094892130,-232,1000,-184
2094892171,-240,1000,-176
2094892217,-232,1000,-184
2094892257,-240,1016,-136
2094892297,-264,1008,-200
2094892337,-256,1000,-144
2094892497,-240,984,-168
2094892541,-240,992,-160
2094892579,-248,992,-168
2094892620,-248,992,-168
2094892661,-248,1000,-176
2094892703,-264,1000,-168
2094892743,-256,992,-176
2094892783,-256,968,-176
2094892824,-256,984,-168
2094892865,-264,992,-176
2094892907,-280,1000,-136
2094892947,-264,1000,-176
2094892987,-248,1000,-168
2094893028,-240,984,-168
2094893069,-240,984,-184
2094893110,-240,976,-184
2094893151,-248,968,-184
2094893192,-272,960,-200
2094893232,-272,976,-184
2094893273,-264,984,-192
2094893314,-264,992,-200
2094893355,-272,1000,-168
2094893395,-272,992,-176
2094893436,-272,992,-168
2094893479,-248,1000,-152
2094893521,-248,992,-152
2094893558,-264,992,-184
2094893600,-264,992,-192
2094893640,-264,992,-168
2094893680,-264,1016,-216
2094893721,-296,1000,-200
2094893762,-296,1008,-184
2094893803,-280,984,-184
2094893844,-304,976,-216
2094893884,-296,976,-168
2094893927,-304,984,-160
2094893966,-296,984,-176
2094894008,-280,984,-136
2094894048,-288,984,-192
2094894090,-288,976,-160
2094894129,-304,976,-184
2094894172,-296,960,-160
2094894211,-320,976,-176
2094894253,-304,984,-192
2094894293,-304,976,-192
2094894333,-288,984,-192
2094894375,-304,984,-184
2094894415,-296,984,-176
2094894456,-296,976,-184
2094894497,-288,960,-224
2094894538,-272,976,-136
2094894580,-280,992,-184
2094894620,-272,984,-160
2094894661,-272,1008,-176
2094894703,-288,992,-144
2094894742,-288,1000,-200
2094894789,-288,1016,-184
2094894824,-272,992,-208
2094894865,-264,992,-192
2094894905,-280,1000,-176
2094894946,-280,952,-160
2094894986,-288,984,-168
2094895026,-280,992,-152
2094895066,-264,984,-168
2094895232,-248,984,-184
2094895272,-256,984,-192
2094895313,-280,1016,-152
2094895368,-264,992,-168
2094895403,-256,1008,-240
2094895444,-248,984,-176
2094895484,-264,968,-184
2094895520,-280,984,-160
2094895558,-264,992,-120
2094895600,-272,976,-160
2094895639,-272,968,-160
2094895680,-256,984,-160
2094895721,-264,968,-168
2094895763,-272,984,-208
2094895802,-280,968,-128
2094895844,-264,968,-152
2094895884,-256,960,-136
2094895925,-248,976,-136
2094895967,-288,992,-192
2094896007,-272,992,-128
2094896047,-272,992,-144
2094896088,-256,992,-208
2094896129,-264,984,-184
2094896170,-248,984,-152
2094896212,-272,1024,-152
2094896251,-280,1016,-144
2094896292,-280,1008,-136
2094896333,-264,992,-176
2094896374,-280,1000,-184
2094896415,-280,992,-160
2094896456,-264,1024,-168
2094896498,-264,1000,-184
2094896538,-264,984,-176
2094896579,-272,976,-184
2094896619,-264,976,-152
2094896660,-264,968,-168
2094896703,-264,968,-152
2094896742,-280,992,-152
2094896784,-288,1000,-208
2094896824,-296,1008,-184
2094896868,-288,968,-192
2094896905,-296,1000,-232
2094896946,-296,952,-216
2094896987,-304,968,-200
2094897027,-336,984,-200
2094897068,-328,976,-168
2094897111,-320,968,-120
2094897150,-312,976,-112
2094897192,-304,984,-168
2094897231,-320,984,-192
2094897272,-320,976,-208
2094897315,-336,968,-224
2094897354,-328,928,-216
2094897396,-336,920,-224
2094897435,-336,912,-208
2094897476,-352,904,-176
2094897517,-376,920,-224
2094897560,-376,912,-216
2094897599,-392,920,-224
2094897639,-408,944,-224
2094897680,-424,992,-240
2094897720,-440,1016,-200
2094897760,-448,1032,-184
2094897800,-520,1064,-352
2094897966,-528,968,-360
2094898006,-552,872,-424
2094898047,-584,776,-424
2094898100,-616,688,-424
2094898140,-616,592,-432
2094898174,-632,504,-384
2094898214,-672,448,-472
2094898251,-648,416,-496
2094898292,-656,392,-480
2094898333,-624,312,-496
2094898374,-656,264,-536
2094898415,-656,216,-576
2094898456,-680,192,-528
2094898497,-688,168,-592
2094898538,-696,136,-568
2094898579,-696,120,-616
2094898619,-712,96,-616
2094898660,-712,104,-640
2094898701,-704,72,-544
2094898742,-736,56,-592
2094898783,-744,80,-536
2094898824,-736,48,-616
2094898864,-744,40,-624
2094898905,-760,16,-616
2094898946,-752,32,-608
2094898987,-760,24,-640
2094899028,-744,16,-592
2094899068,-760,40,-624
2094899109,-752,24,-640
2094899150,-744,8,-656
2094899191,-752,16,-616
2094899232,-744,0,-648
2094899272,-744,-8,-544
2094899313,-744,-24,-632
2094899354,-736,-24,-624
2094899394,-744,0,-632
2094899435,-760,-40,-632
2094899476,-728,-40,-632
2094899517,-736,-40,-584
2094899558,-728,-72,-680
2094899598,-704,-80,-592
2094899639,-704,-80,-648
2094899680,-712,-88,-616
2094899721,-712,-80,-576
2094899762,-728,-64,-592
2094899803,-712,-80,-592
2094899843,-672,-80,-640
2094899884,-696,-80,-624
2094899925,-712,-64,-616
2094899968,-776,-40,-664
2094900009,-776,-24,-696
2094900047,-776,40,-584
2094900088,-760,24,-624
2094900129,-736,48,-576
2094900170,-728,120,-560
2094900210,-704,88,-544
2094900251,-680,184,-512
2094900292,-656,272,-488
2094900333,-608,296,-416
2094900374,-624,312,-456
2094900414,-624,336,-376
2094900454,-624,400,-352
2094900494,-640,416,-384
2094900534,-656,464,-328
2094900701,-584,816,-336
2094900747,-528,872,-240
2094900783,-520,992,-248
2094900823,-488,1056,-224
2094900864,-480,1120,-200
2094900905,-440,1200,-360
2094900946,-448,1184,-248
2094900987,-448,1160,-208
2094901027,-432,1120,-152
2094901068,-408,1064,-120
2094901109,-376,1024,-120
2094901150,-360,1032,-120
2094901191,-328,1040,-152
2094901231,-312,1032,-176
2094901272,-304,1056,-168
2094901313,-288,1024,-136
2094901354,-256,984,-96
2094901395,-256,952,-104
2094901435,-256,928,-144
2094901476,-256,920,-152
2094901518,-248,912,-144
2094901558,-280,904,-168
2094901599,-288,928,-168
2094901640,-296,968,-200
2094901680,-312,984,-168
2094901722,-328,1008,-144
2094901762,-352,1016,-128
2094901803,-328,1016,-152
2094901843,-336,1024,-152
2094901884,-336,1016,-128
2094901925,-328,1024,-128
2094901966,-312,1024,-144
2094902007,-304,1000,-120
2094902047,-288,984,-104
2094902088,-280,984,-80
2094902129,-280,968,-104
2094902170,-280,1000,-96
2094902210,-296,984,-104
2094902251,-296,984,-120
2094902292,-304,1008,-160
2094902333,-336,984,-96
2094902374,-328,1008,-80
2094902415,-328,1016,-128
2094902456,-328,1000,-136
2094902497,-336,1008,-224
2094902538,-320,1000,-136
2094902578,-312,1000,-64
2094902619,-320,984,-144
2094902660,-360,976,-112
2094902701,-336,976,-136
2094902742,-328,984,-128
2094902783,-320,992,-96
2094902825,-328,984,-136
2094902864,-320,960,-136
2094902905,-352,968,-120
2094902948,-344,1000,-184
2094902989,-328,1000,-144
2094903028,-328,992,-128
2094903068,-328,1000,-152
2094903111,-320,968,-152
2094903150,-320,976,-112
2094903802,-336,968,-184
2094903843,-328,992,-120
2094903886,-312,976,-152
2094903925,-320,992,-104
2094903968,-312,976,-160
2094904006,-328,984,-136
2094904047,-320,976,-96
2094904088,-312,976,-160
2094904130,-320,976,-152
2094904170,-320,984,-128
2094904210,-320,992,-136
2094904251,-328,984,-144
2094904294,-328,984,-88
2094904338,-328,976,-136
2094904373,-328,984,-144
2094904416,-320,984,-144
2094904470,-344,984,-152
2094904510,-344,976,-112
2094904550,-328,1000,-152
2094904590,-328,1016,-136
2094904741,-336,968,-160
2094904796,-328,976,-144
2094904831,-328,984,-168
2094904873,-344,984,-120
2094904907,-328,952,-160
2094904949,-320,968,-152
2094904986,-328,960,-152
2094905027,-344,984,-152
2094905072,-368,984,-160
2094905108,-368,1016,-184
2094905150,-360,1000,-216
2094905190,-384,1016,-200
2094905231,-392,1040,-208
2094905271,-384,1016,-272
2094905312,-400,960,-248
2094905353,-416,936,-296
2094905397,-456,936,-320
2094905434,-496,960,-336
2094905475,-536,960,-312
2094905516,-528,928,-352
2094905557,-552,872,-320
2094905598,-576,808,-344
2094905641,-592,752,-360
2094905679,-608,688,-376
2094905720,-664,640,-376
2094905760,-664,608,-416
2094905802,-680,552,-440
2094905842,-696,496,-416
2094905883,-704,424,-456
2094905924,-720,352,-464
2094905965,-768,328,-496
2094906005,-760,304,-488
2094906046,-768,248,-520
2094906087,-800,200,-512
2094906128,-784,176,-536
2094906169,-776,152,-552
2094906209,-768,128,-544
2094906250,-776,96,-552
2094906291,-760,80,-552
2094906331,-736,32,-552
2094906373,-752,40,-576
2094906414,-768,32,-584
2094906455,-784,16,-568
2094906496,-784,8,-560
2094906536,-776,16,-592
2094906577,-768,-8,-608
2094906618,-760,-32,-600
2094906659,-752,-24,-560
2094906700,-760,-64,-584
2094906741,-768,-88,-592
2094906781,-752,-72,-592
2094906826,-744,-96,-560
2094906863,-768,-104,-584
2094906903,-760,-120,-600
2094906944,-752,-160,-552
2094906985,-752,-184,-608
2094907026,-768,-168,-576
2094907067,-744,-168,-568
2094907107,-736,-184,-608
2094907148,-728,-184,-584
2094907189,-736,-160,-576
2094907229,-728,-192,-600
2094907269,-752,-192,-592
2094907309,-720,-184,-592
2094907474,-736,-216,-584
2094907515,-720,-216,-528
2094907556,-736,-208,-552
2094907597,-768,-224,-600
2094907638,-736,-184,-552
2094907678,-744,-192,-592
2094907719,-720,-200,-560
2094907760,-720,-208,-560
2094907800,-712,-216,-560
2094907841,-728,-200,-600
2094907882,-712,-200,-544
2094907923,-736,-168,-568
2094907964,-736,-136,-584
2094908005,-728,-128,-544
2094908045,-752,-104,-648
2094908086,-752,-88,-616
2094908127,-792,-56,-584
2094908168,-784,-32,-632
2094908209,-784,0,-568
2094908249,-760,-24,-560
2094908290,-704,32,-624