FileName, Time, Average X, Average Y, Average Z, Number of Peaks X, Number of Peaks Y, Number of Peaks Z, Average Jerk X, Average Jerk Y, Average Jerk Z, Average XY, Average XZ, Average YZ ,Gesture
data/Raw Data Cleaned/Austin brush 1.csv,2.078000069,-520.8888889,836,365.3333333,3,6,5,-8.094063383,3.356523973,-21.9250713,-1356.888889,-886.2222222,470.6666667,Inactive
data/Raw Data Cleaned/Austin brush 1.csv,2.079999924,184.7804878,322.9268293,-93.46341463,4,7,5,820.5744189,-348.3490441,-89.86862465,-138.1463415,278.2439024,416.3902439,Raise Hand
data/Raw Data Cleaned/Austin brush 1.csv,2.087000132,242.1333333,43.46666667,-184.5333333,7,7,7,269.1389528,94.29460738,417.1504715,198.6666667,426.6666667,228,Brush Teeth
data/Raw Data Cleaned/Austin brush 1.csv,2.066999912,174.9873418,-5.063291139,-161.5189873,7,6,6,-187.6043649,-25.25187895,-52.93908841,180.0506329,336.5063291,156.4556962,Brush Teeth
data/Raw Data Cleaned/Austin brush 1.csv,2.670000076,161.6470588,44.78431373,-144.0784314,8,8,9,57.99216632,10.02586964,148.0355024,116.8627451,305.7254902,188.8627451,Brush Teeth
data/Raw Data Cleaned/Austin brush 1.csv,2.066999912,126.1935484,11.41935484,-116.4516129,7,6,7,76.33906439,141.7800501,229.5759955,114.7741935,242.6451613,127.8709677,Brush Teeth
data/Raw Data Cleaned/Austin brush 1.csv,2.076999903,100.1931034,45.13103448,-92.02758621,8,7,8,-65.44205923,-161.0230128,-193.2223331,55.06206897,192.2206897,137.1586207,Brush Teeth
data/Raw Data Cleaned/Austin brush 1.csv,2.641000032,47.94871795,6.153846154,-51.8974359,3,4,4,178.6506759,89.43569066,-209.8397881,41.79487179,99.84615385,58.05128205,Brush Teeth
data/Raw Data Cleaned/Austin brush 1.csv,2.023000002,89.89830508,38.14689266,-60.33898305,8,8,8,-163.1051536,-255.9081569,-453.4863738,51.75141243,150.2372881,98.48587571,Brush Teeth
data/Raw Data Cleaned/Austin brush 1.csv,2.150000095,79.67676768,-12.92929293,-61.97979798,6,6,7,6.243480221,42.99099402,151.9946726,92.60606061,141.6565657,49.05050505,Brush Teeth
data/Raw Data Cleaned/Austin brush 1.csv,2.076999903,55.74074074,-10.62962963,-62.48148148,6,5,6,16.57217294,172.6052157,108.3901374,66.37037037,118.2222222,51.85185185,Brush Teeth
data/Raw Data Cleaned/Austin brush 1.csv,2.078000069,73.65975104,10.68879668,-64.23236515,9,10,9,3.48623495,-15.15030907,-192.8608691,62.97095436,137.8921162,74.92116183,Brush Teeth
data/Raw Data Cleaned/Austin brush 1.csv,2.075999975,60.24242424,-0.818181818,-58.66666667,8,7,7,63.04514038,-122.3010357,-77.49693573,61.06060606,118.9090909,57.84848485,Brush Teeth
data/Raw Data Cleaned/Austin brush 1.csv,2.088999987,10.8358209,0,-9.134328358,0,1,1,-240.3209926,-434.2479633,-496.1932416,10.8358209,19.97014925,9.134328358,Brush Teeth
data/Raw Data Cleaned/Austin brush 1.csv,2.065999985,54.84536082,4.426116838,-55.25773196,5,7,8,-122.930769,-138.5574822,-230.1245458,50.41924399,110.1030928,59.6838488,Brush Teeth
data/Raw Data Cleaned/Austin brush 1.csv,2.077000141,50.92993631,1.350318471,-50.14012739,8,8,8,23.13130791,68.24688176,88.41810637,49.57961783,101.0700637,51.49044586,Brush Teeth
data/Raw Data Cleaned/Austin brush 1.csv,2.078999996,29.04878049,2.195121951,-25.85365854,5,5,4,-400.5483022,604.4910096,469.1696453,26.85365854,54.90243902,28.04878049,Brush Teeth
data/Raw Data Cleaned/Austin brush 1.csv,1.171000004,-13.09090909,33.94721408,16.60997067,0,4,3,-256.4211439,-179.2037613,249.8146799,-47.03812317,-29.70087977,17.3372434,Lower Hand
data/Raw Data Cleaned/Austin brush 2.csv,2.064999819,-169.6,706.88,135.36,6,5,3,696.7833897,-213.2103232,-179.4369298,-876.48,-304.96,571.52,Raise Hand
data/Raw Data Cleaned/Austin brush 2.csv,2.077000141,392.6666667,86,-255.3333333,8,8,9,148.0694617,137.2335037,-169.2587597,306.6666667,648,341.3333333,Brush Teeth
data/Raw Data Cleaned/Austin brush 2.csv,2.075999975,203.8153846,9.107692308,-154.9538462,5,5,5,54.09779263,144.4246896,383.4994917,194.7076923,358.7692308,164.0615385,Brush Teeth
data/Raw Data Cleaned/Austin brush 2.csv,2.076999903,196.4137931,51.40229885,-133.7011494,8,7,8,-102.0338946,-179.3531163,-292.6455854,145.0114943,330.1149425,185.1034483,Brush Teeth
data/Raw Data Cleaned/Austin brush 2.csv,2.491000175,169.4545455,49.30909091,-96.65454545,8,9,8,158.3963065,21.68176486,743.6387466,120.1454545,266.1090909,145.9636364,Brush Teeth
data/Raw Data Cleaned/Austin brush 2.csv,2.075999975,138.969697,8.424242424,-83.27272727,9,8,9,57.27204359,424.3654414,89.77572293,130.5454545,222.2424242,91.6969697,Brush Teeth
data/Raw Data Cleaned/Austin brush 2.csv,2.076999903,127.4358974,45.48717949,-52.87179487,9,9,8,51.20025967,86.51787912,-131.9346924,81.94871795,180.3076923,98.35897436,Brush Teeth
data/Raw Data Cleaned/Austin brush 2.csv,2.075999975,85.41040462,11.83815029,-45.17919075,7,6,5,58.78038588,116.2024237,399.5752425,73.57225434,130.5895954,57.01734104,Brush Teeth
data/Raw Data Cleaned/Austin brush 2.csv,2.075999975,105.786802,15.87817259,-57.05583756,9,8,8,78.33018282,-57.90619551,286.9249114,89.90862944,162.8426396,72.93401015,Brush Teeth
data/Raw Data Cleaned/Austin brush 2.csv,2.077000141,85.39449541,8.660550459,-39.30275229,7,8,8,15.78874146,-18.5320135,18.07583108,76.73394495,124.6972477,47.96330275,Brush Teeth
data/Raw Data Cleaned/Austin brush 2.csv,2.080999851,56.30769231,23.93162393,-23.8974359,5,4,5,-91.75812408,-422.4013896,-190.1254777,32.37606838,80.20512821,47.82905983,Brush Teeth
data/Raw Data Cleaned/Austin brush 2.csv,2.071000099,72.52509653,12.50965251,-61.31274131,9,10,9,-109.9067647,-62.03937163,-214.5869319,60.01544402,133.8378378,73.82239382,Brush Teeth
data/Raw Data Cleaned/Austin brush 2.csv,1.743999958,51.02158273,5.726618705,-45.0647482,5,6,5,-12.29662346,124.9509305,-39.03649574,45.29496403,96.08633094,50.79136691,Brush Teeth
data/Raw Data Cleaned/Austin chin 1.csv,2.059000015,-182.2608696,562.4347826,19.13043478,2,5,6,914.2610045,13.14076205,-197.0739352,-744.6956522,-201.3913043,543.3043478,Raise Hand
data/Raw Data Cleaned/Austin chin 1.csv,2.078000069,312.8695652,239.826087,-86.43478261,5,5,7,-882.5823103,65.22722676,194.2540571,73.04347826,399.3043478,326.2608696,
data/Raw Data Cleaned/Austin chin 1.csv,0.414999962,-129.5686275,42.82352941,12.39215686,0,2,1,2190.489169,-484.3689925,48.68212175,-172.3921569,-141.9607843,30.43137255,
data/Raw Data Cleaned/Austin chin 2.csv,2.067000151,-363.2727273,398.5454545,-19.27272727,4,4,7,498.5714232,93.32729153,-19.79894247,-761.8181818,-344,417.8181818,
data/Raw Data Cleaned/Austin chin 2.csv,2.075999975,431.6363636,211.4545455,-52,4,6,5,15.62410851,73.34625094,285.4480446,220.1818182,483.6363636,263.4545455,
data/Raw Data Cleaned/Austin chin 2.csv,0.664000034,129.0769231,70.76923077,-5.538461538,1,1,2,-152.4498298,24.14411066,-322.1169059,58.30769231,134.6153846,76.30769231,
data/Raw Data Cleaned/Austin comb 1.csv,2.07799983,465.3333333,340.3333333,38.66666667,3,4,5,-536.7512374,-687.6636903,-877.6367262,125,426.6666667,301.6666667,
data/Raw Data Cleaned/Austin comb 1.csv,2.076000214,-87.16666667,-121,-310.6666667,5,5,7,-286.8229746,552.2176799,106.882482,33.83333333,223.5,189.6666667,
data/Raw Data Cleaned/Austin comb 1.csv,2.076999903,-103.2,-53.48571429,-280.6857143,5,5,6,194.1757461,730.583503,175.6317584,-49.71428571,177.4857143,227.2,
data/Raw Data Cleaned/Austin comb 1.csv,1.743999958,-59.41573034,65.52808989,-116.8539326,3,6,4,1902.694349,834.541505,305.0502623,-124.9438202,57.43820225,182.3820225,
data/Raw Data Cleaned/Austin comb 2.csv,2.074999809,420.3333333,373.6666667,-111.6666667,4,2,5,-260.1300369,378.63879,-320.7187176,46.66666667,532,485.3333333,
data/Raw Data Cleaned/Austin comb 2.csv,2.076000214,-60.83333333,-169.8333333,-362,6,4,7,-210.2264271,-782.9500372,-905.4285995,109,301.1666667,192.1666667,
data/Raw Data Cleaned/Austin comb 2.csv,2.074999809,-59.25423729,-1.084745763,-181.559322,3,3,3,-335.9466583,337.2291231,-531.6899073,-58.16949153,122.3050847,180.4745763,
data/Raw Data Cleaned/Austin comb 2.csv,2.075999975,19.85542169,61.97590361,-174.0722892,3,7,5,702.704231,299.2110845,956.8705788,-42.12048193,193.9277108,236.0481928,
data/Raw Data Cleaned/Austin comb 2.csv,0.499000072,68.2247191,22.20224719,9.97752809,2,0,1,-271.2901165,-937.8787541,527.1824633,46.02247191,58.24719101,12.2247191,
data/Raw Data Cleaned/Austin draw 1.csv,2.065000057,-450.56,852.8,-217.28,6,7,7,118.9139789,158.5261116,252.7719203,-1303.36,-233.28,1070.08,
data/Raw Data Cleaned/Austin draw 1.csv,2.075999975,-224.96,456.32,-101.92,8,9,10,-17.78385217,-52.69794939,-111.2425613,-681.28,-123.04,558.24,
data/Raw Data Cleaned/Austin draw 1.csv,2.075999975,-110.3768116,258.4347826,-40.23188406,5,4,6,24.8814255,-49.74461278,-25.79074164,-368.8115942,-70.14492754,298.6666667,
data/Raw Data Cleaned/Austin draw 1.csv,2.078000069,-82.04444444,225.5111111,-4.444444444,8,8,8,28.29828097,-39.78342959,192.9610232,-307.5555556,-77.6,229.9555556,
data/Raw Data Cleaned/Austin draw 1.csv,2.657000065,-71.57894737,204.0701754,13.75438596,8,9,9,65.05408417,-123.2382001,282.4700229,-275.6491228,-85.33333333,190.3157895,
data/Raw Data Cleaned/Austin draw 1.csv,0.829999924,-35.41935484,74.38709677,-2.258064516,1,1,2,-314.6637283,-816.2603554,-330.9161962,-109.8064516,-33.16129032,76.64516129,
data/Raw Data Cleaned/Austin draw 2.csv,2.075999975,-340,874.9090909,-429.4545455,7,9,8,-24.73196147,-45.3967096,-51.7255565,-1214.909091,89.45454545,1304.363636,
data/Raw Data Cleaned/Austin draw 2.csv,2.075999975,-179.0638298,469.9574468,-219.2340426,7,9,10,7.332232048,73.76948101,105.5492317,-649.0212766,40.17021277,689.1914894,
data/Raw Data Cleaned/Austin draw 2.csv,2.476000071,-51.42857143,136.8571429,-69.28571429,2,3,3,67.9218361,1.663088044,-297.6622256,-188.2857143,17.85714286,206.1428571,
data/Raw Data Cleaned/Austin draw 2.csv,2.007999897,-99.1,268.5,-119.5,8,8,9,-13.85392187,-8.772848798,-37.55249254,-367.6,20.4,388,
data/Raw Data Cleaned/Austin draw 2.csv,2.075000048,-81.67619048,211.352381,-94.85714286,9,8,10,-10.45678136,-1.978685166,76.04825463,-293.0285714,13.18095238,306.2095238,
data/Raw Data Cleaned/Austin draw 2.csv,0.829999924,-30.67826087,80.55652174,-34.71304348,3,3,3,73.32454685,81.37499868,636.6069955,-111.2347826,4.034782609,115.2695652,
data/Raw Data Cleaned/Austin draw 3.csv,2.059000015,-420,828,-458,6,3,6,-8.499740833,-13.97707141,80.76970496,-1248,38,1286,
data/Raw Data Cleaned/Austin draw 3.csv,2.075000048,-205.8333333,390.6666667,-262.8333333,8,9,10,38.45201539,206.4587193,186.6578489,-596.5,57,653.5,
data/Raw Data Cleaned/Austin draw 3.csv,2.075999975,-113.7910448,222.2089552,-153.0746269,5,7,7,96.11886504,-55.00102499,-160.3646416,-336,39.28358209,375.2835821,
data/Raw Data Cleaned/Austin draw 3.csv,2.075999975,-94.81818182,190.8181818,-128.7272727,7,8,8,32.82799447,-6.682785672,291.5127958,-285.6363636,33.90909091,319.5454545,
data/Raw Data Cleaned/Austin draw 3.csv,2.409000158,-62.98181818,180.9454545,-70.61818182,7,6,7,94.38551632,-0.995704237,170.8124432,-243.9272727,7.636363636,251.5636364,
data/Raw Data Cleaned/Austin draw 3.csv,2.073999882,-50.28571429,162.6466165,-43.30827068,8,7,9,4.534955271,-48.16448605,52.77633014,-212.9323308,-6.977443609,205.9548872,
data/Raw Data Cleaned/Austin draw 3.csv,2.075000048,-39.84516129,137.083871,-31.53548387,5,8,8,7.533005769,47.88722896,38.56150086,-176.9290323,-8.309677419,168.6193548,
data/Raw Data Cleaned/Austin draw 3.csv,2.075000048,-37.61403509,67.32163743,-38.97076023,4,5,5,-163.1853799,-616.9736144,-558.4106993,-104.9356725,1.356725146,106.2923977,
data/Raw Data Cleaned/Austin draw 3.csv,0.165999889,-7.861271676,5.132947977,-9.202312139,0,0,0,-599.9987841,899.9981761,3299.993312,-12.99421965,1.341040462,14.33526012,
data/Raw Data Cleaned/Austin draw 4.csv,2.075000048,-348.952381,809.9047619,-280.3809524,7,4,5,-688.4091099,21.42778348,-448.8769874,-1158.857143,-68.57142857,1090.285714,
data/Raw Data Cleaned/Austin draw 4.csv,2.079999924,-226.0869565,484.173913,-140.3478261,9,10,10,-11.81394692,-89.43096382,-111.7284965,-710.2608696,-85.73913043,624.5217391,
data/Raw Data Cleaned/Austin draw 4.csv,0.661000013,-44.46153846,105.3846154,-20.30769231,1,1,1,48.37483189,30.21403264,601.1460769,-149.8461538,-24.15384615,125.6923077,
data/Raw Data Cleaned/Harsh brush 1.csv,2.065999985,520.6153846,255.0769231,-734.1538462,10,10,9,45.57867543,158.326926,19.69467652,265.5384615,1254.769231,989.2307692,
data/Raw Data Cleaned/Harsh brush 1.csv,2.076999903,202.1960784,376.1568627,-169.0980392,8,8,8,-40.13062887,-101.8062859,-91.5486974,-173.9607843,371.2941176,545.254902,
data/Raw Data Cleaned/Harsh brush 1.csv,2.078000069,89.07462687,217.9104478,-18.26865672,3,5,4,7.803085533,398.3507248,371.9372582,-128.8358209,107.3432836,236.1791045,
data/Raw Data Cleaned/Harsh brush 1.csv,2.076999903,100,200.2727273,-69.90909091,7,7,7,11.95930109,276.1435469,-98.78521211,-100.2727273,169.9090909,270.1818182,
data/Raw Data Cleaned/Harsh brush 1.csv,2.076000214,109.2389381,94.51327434,-135.7876106,9,8,8,-77.83466805,-220.3117076,-160.6258079,14.72566372,245.0265487,230.300885,
data/Raw Data Cleaned/Harsh brush 1.csv,2.242999792,72.42748092,89.52671756,-70.77862595,6,6,5,178.569668,287.9231764,379.8847925,-17.09923664,143.2061069,160.3053435,
data/Raw Data Cleaned/Harsh brush 1.csv,2.077000141,78.03870968,70.24516129,-96.36129032,8,7,7,122.3400481,274.4287531,143.4565302,7.793548387,174.4,166.6064516,
data/Raw Data Cleaned/Harsh brush 1.csv,3.128999949,42.93491124,56.94674556,-36.1183432,5,5,4,-60.81456725,568.2561033,665.8200393,-14.01183432,79.05325444,93.06508876,
data/Raw Data Cleaned/Harsh brush 1.csv,2.020999908,49.20207254,89.11917098,-70.63212435,8,8,8,8.598625969,427.1922632,224.7171705,-39.91709845,119.8341969,159.7512953,
data/Raw Data Cleaned/Harsh brush 1.csv,2.077000141,41.80645161,78.56221198,-58.28571429,9,9,9,21.42289462,415.9509937,211.0636814,-36.75576037,100.0921659,136.8479263,
data/Raw Data Cleaned/Harsh brush 1.csv,2.075999975,22.79828326,32.75536481,-40.89270386,4,4,4,-905.5097043,-637.8747033,-971.2998967,-9.957081545,63.69098712,73.64806867,
data/Raw Data Cleaned/Harsh brush 1.csv,2.076999903,5.8125,54.4375,-59.65625,6,6,8,722.322782,-175.0269879,97.18534625,-48.625,65.46875,114.09375,
data/Raw Data Cleaned/Harsh brush 1.csv,2.077000141,40.51245552,55.80071174,-49.76512456,9,9,8,-11.58513312,58.16043454,-4.306820174,-15.28825623,90.27758007,105.5658363,
data/Raw Data Cleaned/Harsh brush 1.csv,2.052000046,7.073684211,11.48070175,-7.129824561,0,0,1,-148.4522847,-814.2291123,-1316.349245,-4.407017544,14.20350877,18.61052632,
data/Raw Data Cleaned/Harsh brush 1.csv,2.018999815,34.86842105,31,-40.02631579,8,8,7,-122.1528176,-160.6434832,2.868178334,3.868421053,74.89473684,71.02631579,
data/Raw Data Cleaned/Harsh brush 1.csv,2.075999975,39.09480122,47.19266055,-26.42201835,9,8,8,-42.94152614,107.1175232,106.0211015,-8.097859327,65.51681957,73.6146789,
data/Raw Data Cleaned/Harsh brush 1.csv,2.076000214,26.93023256,38.25581395,-7.139534884,4,5,5,-11.37181824,-59.33584034,-192.2608683,-11.3255814,34.06976744,45.39534884,
data/Raw Data Cleaned/Harsh brush 1.csv,2.075999975,31.12568306,47.16939891,-8.918032787,9,9,9,-73.37037735,27.70134707,-148.3965323,-16.04371585,40.04371585,56.08743169,
data/Raw Data Cleaned/Harsh brush 1.csv,2.076999903,25.27506427,36.93573265,-36.68894602,7,7,8,-69.84884335,-263.2588774,-364.1941174,-11.66066838,61.96401028,73.62467866,
data/Raw Data Cleaned/Harsh brush 1.csv,2.075000048,18.42962963,26.64691358,-17.48148148,5,5,6,215.2188551,550.7530226,725.7596692,-8.217283951,35.91111111,44.12839506,
data/Raw Data Cleaned/Harsh brush 1.csv,2.078000069,31.71962617,44.37383178,-5.775700935,8,8,8,-152.5949873,-263.6251029,67.32291453,-12.65420561,37.4953271,50.14953271,
data/Raw Data Cleaned/Harsh brush 1.csv,2.40899992,23.12107623,29.99103139,-14.76233184,7,5,6,-108.9614478,91.74574988,-233.6167957,-6.869955157,37.88340807,44.75336323,
data/Raw Data Cleaned/Harsh brush 1.csv,2.075999975,20.69787234,42.53617021,-12.27234043,9,9,9,260.5486067,229.7624272,383.7000341,-21.83829787,32.97021277,54.80851064,
data/Raw Data Cleaned/Harsh brush 1.csv,2.075999975,18.4178499,22.71805274,-38.10141988,8,8,8,275.3544372,181.5413012,-223.4468075,-4.30020284,56.51926978,60.81947262,
data/Raw Data Cleaned/Harsh brush 1.csv,0.829999924,9.351888668,12.88270378,-8.874751491,3,3,2,619.0841406,1594.967775,788.906518,-3.530815109,18.22664016,21.75745527,
data/Raw Data Cleaned/Harsh brush 2.csv,2.075999975,-877.6470588,296,-471.5294118,1,2,3,62.03130716,-291.3747338,-56.08703869,-1173.647059,-406.1176471,767.5294118,
data/Raw Data Cleaned/Harsh brush 2.csv,2.078000069,-520.7804878,65.56097561,-273.9512195,4,4,6,-245.9457042,-66.48837354,253.2952895,-586.3414634,-246.8292683,339.5121951,
data/Raw Data Cleaned/Harsh brush 2.csv,2.470999956,-148.64,49.44,-67.2,1,1,3,1100.136567,838.4024628,-385.8560722,-198.08,-81.44,116.64,
data/Raw Data Cleaned/Harsh brush 2.csv,2.023999929,-201.3521127,245.7464789,-8.901408451,5,5,4,332.9580626,-61.4269698,-159.3182809,-447.0985915,-192.4507042,254.6478873,
data/Raw Data Cleaned/Harsh brush 2.csv,2.072000027,-75.83333333,231.0833333,-105.6666667,4,3,6,-11.0560697,-9.115055303,31.32808015,-306.9166667,29.83333333,336.75,
data/Raw Data Cleaned/Harsh brush 2.csv,0.913000107,-24.38095238,80.38095238,-27.88571429,2,3,4,0.381856592,-191.7844998,-325.4118961,-104.7619048,3.504761905,108.2666667,
data/Raw Data Cleaned/Harsh brush 3.csv,2.074999809,413.0909091,312.7272727,-852.7272727,5,6,5,506.4848594,-155.871651,-374.8878115,100.3636364,1265.818182,1165.454545,
data/Raw Data Cleaned/Harsh brush 3.csv,2.078000069,284.8695652,96.52173913,-420.5217391,9,9,9,656.2914978,897.6127802,-1130.408826,188.3478261,705.3913043,517.0434783,
data/Raw Data Cleaned/Harsh brush 3.csv,0.667000055,90.51851852,31.40740741,-109.1851852,2,2,2,1540.957923,2350.619685,-3027.289181,59.11111111,199.7037037,140.5925926,
data/Raw Data Cleaned/Harsh chin 1.csv,2.161000013,-298.2857143,222.8571429,-314.2857143,3,4,4,-1035.815624,-420.2154758,-74.53576446,-521.1428571,16,537.1428571,
data/Raw Data Cleaned/Harsh chin 1.csv,2.078999996,-236.7272727,-17.45454545,-187.0909091,4,5,6,954.689687,127.3773429,252.0587212,-219.2727273,-49.63636364,169.6363636,
data/Raw Data Cleaned/Harsh chin 1.csv,0.419999838,90.7755102,39.67346939,-11.75510204,1,0,0,-45.43607066,-427.6011651,-158.4845029,51.10204082,102.5306122,51.42857143,
data/Raw Data Cleaned/Harsh chin 2.csv,2.076999903,668.5217391,656.6956522,-53.2173913,3,5,4,-143.5273745,354.4537628,2.403446602,11.82608696,721.7391304,709.9130435,
data/Raw Data Cleaned/Harsh chin 3.csv,2.068000078,-10.18181818,496,-271.6363636,4,5,5,-514.5354369,400.802197,-74.01616903,-506.1818182,261.4545455,767.6363636,
data/Raw Data Cleaned/Harsh chin 3.csv,2.076999903,-448,165.787234,-248,7,4,9,-56.48077607,56.5206163,-52.6302753,-613.787234,-200,413.787234,
data/Raw Data Cleaned/Harsh chin 3.csv,0.58100009,-62.81481481,27.7037037,-60,0,1,2,2134.192959,307.0922521,487.6992261,-90.51851852,-2.814814815,87.7037037,
data/Raw Data Cleaned/Harsh comb 1.csv,2.075000048,148,396.6666667,-415.3333333,4,3,4,775.037281,130.8854357,-149.363565,-248.6666667,563.3333333,812,
data/Raw Data Cleaned/Harsh comb 1.csv,2.071999788,288.3478261,-12.17391304,-309.9130435,4,4,6,-110.1567013,-550.7181473,196.7996775,300.5217391,598.2608696,297.7391304,
data/Raw Data Cleaned/Harsh comb 1.csv,2.075000048,156.7761194,-111.4029851,-184.238806,4,4,5,-211.705674,666.5935672,-123.4860371,268.1791045,341.0149254,72.8358209,
data/Raw Data Cleaned/Harsh comb 1.csv,0.748000145,-68,54.7027027,-44.54054054,0,1,1,-2261.440248,-643.7753617,1150.369793,-122.7027027,-23.45945946,99.24324324,
data/Raw Data Cleaned/Harsh comb 2.csv,2.059000015,287.04,409.6,-490.24,3,5,6,529.8383859,-386.8203708,-19.89556632,-122.56,777.28,899.84,
data/Raw Data Cleaned/Harsh comb 2.csv,2.078999996,326.72,9.92,-363.68,4,3,7,-117.624369,541.63562,-558.5699781,316.8,690.4,373.6,
data/Raw Data Cleaned/Harsh comb 2.csv,2.365999937,38,-50.14285714,-72.14285714,0,1,2,733.8866569,-1803.189008,-374.5566433,88.14285714,110.1428571,22,
data/Raw Data Cleaned/Harsh comb 2.csv,2.029999971,190.4615385,48.1025641,-178.4615385,4,7,7,-405.533502,-160.9004085,162.2355324,142.3589744,368.9230769,226.5641026,
data/Raw Data Cleaned/Harsh comb 2.csv,2.075000048,70.11764706,-1.647058824,-123.0588235,3,3,5,-479.5181119,600.0538922,148.6872644,71.76470588,193.1764706,121.4117647,
data/Raw Data Cleaned/Harsh comb 2.csv,0.165999889,-21,11.69230769,-7.769230769,0,0,0,847.0584434,-941.1760482,470.5880241,-32.69230769,-13.23076923,19.46153846,
data/Raw Data Cleaned/Harsh draw 1.csv,2.075999975,-260.5714286,883.8095238,-475.047619,6,6,5,-23.78876923,1.439714963,-16.75485672,-1144.380952,214.4761905,1358.857143,
data/Raw Data Cleaned/Harsh draw 1.csv,2.075999975,-133.8181818,458,-258.1818182,6,6,7,14.26312677,25.17476988,22.17898873,-591.8181818,124.3636364,716.1818182,
data/Raw Data Cleaned/Harsh draw 1.csv,2.684000015,-44.67924528,146.7169811,-81.20754717,3,1,3,-181.8353765,58.23223558,13.88305355,-191.3962264,36.52830189,227.9245283,
data/Raw Data Cleaned/Harsh draw 1.csv,2.049000025,-75.28767123,236.3835616,-135.3424658,7,4,7,19.79325548,24.32000683,114.8189918,-311.6712329,60.05479452,371.7260274,
data/Raw Data Cleaned/Harsh draw 1.csv,1.993000031,-65.97938144,223.5876289,-107.2164948,8,5,7,-44.80319705,-32.97251927,171.0665001,-289.5670103,41.2371134,330.8041237,
data/Raw Data Cleaned/Harsh draw 2.csv,2.062999964,-261.12,862.08,-514.88,5,6,7,-13.06311397,-34.04072298,-81.74824496,-1123.2,253.76,1376.96,
data/Raw Data Cleaned/Harsh draw 2.csv,2.075999975,-130.5,403.3333333,-258,5,4,7,39.62665967,98.14240697,40.35190552,-533.8333333,127.5,661.3333333,
data/Raw Data Cleaned/Harsh draw 2.csv,2.075000048,-83.39393939,241.0909091,-125.8181818,2,5,6,-146.4421896,44.76206351,-25.59209277,-324.4848485,42.42424242,366.9090909,
data/Raw Data Cleaned/Harsh draw 2.csv,2.075999975,-84.57142857,242.3736264,-129.0549451,8,9,10,23.76895153,3.535275977,3.813119772,-326.9450549,44.48351648,371.4285714,
data/Raw Data Cleaned/Harsh draw 2.csv,1.243999958,-32.76923077,115.3076923,-38.84615385,1,4,4,64.38287439,98.62471264,34.12890932,-148.0769231,6.076923077,154.1538462,
data/Raw Data Cleaned/Jeff brush 1.csv,2.064999819,740.6666667,-49.66666667,-589.3333333,3,3,6,-412.1491308,299.987529,-135.5964919,790.3333333,1330,539.6666667,
data/Raw Data Cleaned/Jeff brush 1.csv,2.075000048,82.12244898,165.3877551,-245.0612245,3,5,7,-698.5900014,171.7293998,-58.76980186,-83.26530612,327.1836735,410.4489796,
data/Raw Data Cleaned/Jeff brush 1.csv,0.585000038,-88,49.74545455,-42.18181818,0,1,2,-363.3861648,26.66254155,-14.77084054,-137.7454545,-45.81818182,91.92727273,
data/Raw Data Cleaned/Jeff brush 2.csv,2.062000036,-378.9473684,682.1052632,-200.4210526,3,3,3,830.1328818,-127.1421783,-217.2272029,-1061.052632,-178.5263158,882.5263158,
data/Raw Data Cleaned/Jeff brush 2.csv,2.076999903,361.2972973,-196.5405405,-262.0540541,5,5,5,122.0235652,-20.01738973,-238.8542831,557.8378378,623.3513514,65.51351351,
data/Raw Data Cleaned/Jeff brush 2.csv,2.075999975,232.4615385,-77.53846154,-143.6923077,4,4,5,-468.969902,-758.2442809,-595.0914636,310,376.1538462,66.15384615,
data/Raw Data Cleaned/Jeff brush 2.csv,2.077000141,254.6493506,20.77922078,-177.4545455,9,8,8,181.8380008,27.41493073,253.7909381,233.8701299,432.1038961,198.2337662,
data/Raw Data Cleaned/Jeff brush 2.csv,2.075999975,166.0206186,-19.13402062,-133.7731959,4,6,6,-136.4409077,-75.12373204,145.8416516,185.1546392,299.7938144,114.6391753,
data/Raw Data Cleaned/Jeff brush 2.csv,2.075999975,114.245614,51.85964912,-72.35087719,5,5,4,289.8887588,592.5818747,37.87759918,62.38596491,186.5964912,124.2105263,
data/Raw Data Cleaned/Jeff brush 2.csv,2.075999975,136.5217391,52.23188406,-82.49275362,6,7,6,-128.2822646,95.70728844,-227.5453278,84.28985507,219.0144928,134.7246377,
data/Raw Data Cleaned/Jeff brush 2.csv,2.272000074,94.87898089,37.91082803,-56.86624204,4,5,5,-151.9317987,-258.3850651,-330.1954102,56.96815287,151.7452229,94.77707006,
data/Raw Data Cleaned/Jeff brush 2.csv,2.045999765,85.87570621,33.03954802,-58.16949153,6,6,5,62.27087814,87.14954919,21.70026384,52.83615819,144.0451977,91.20903955,
data/Raw Data Cleaned/Jeff brush 2.csv,2.076000214,100.2772277,24.55445545,-66.81188119,7,7,7,-87.77026255,-94.14744137,-330.3135253,75.72277228,167.0891089,91.36633663,
data/Raw Data Cleaned/Jeff brush 2.csv,2.075999975,58.89908257,14.49541284,-38.67889908,5,5,5,156.2552255,102.0594319,-16.35575342,44.40366972,97.57798165,53.17431193,
data/Raw Data Cleaned/Jeff brush 2.csv,2.157999992,73.16666667,14.73333333,-49.9,6,6,7,-69.82982108,86.5003061,-72.05647826,58.43333333,123.0666667,64.63333333,
data/Raw Data Cleaned/Jeff brush 2.csv,2.075999975,67.01886792,17.63018868,-62.91320755,7,10,9,-61.7789955,-135.64606,-22.83489258,49.38867925,129.9320755,80.54339623,
data/Raw Data Cleaned/Jeff brush 2.csv,2.076999903,42.03533569,8.90459364,-47.85865724,6,6,7,54.09013019,-296.8456819,184.1612066,33.13074205,89.89399293,56.76325088,
data/Raw Data Cleaned/Jeff brush 2.csv,2.265000105,9.477351916,1.393728223,-11.42857143,1,1,1,310.3160279,805.9716675,-2408.803566,8.083623693,20.90592334,12.82229965,
data/Raw Data Cleaned/Jeff brush 3.csv,2.06400013,-366.6666667,604.4444444,-244,2,3,2,906.2287153,-259.4990406,-347.0140555,-971.1111111,-122.6666667,848.4444444,
data/Raw Data Cleaned/Jeff brush 3.csv,2.07799983,443.1219512,-17.36585366,-307.7073171,8,8,8,431.756914,294.1099939,-216.8280075,460.4878049,750.8292683,290.3414634,
data/Raw Data Cleaned/Jeff brush 3.csv,2.078000069,172.8301887,-96.75471698,-106.5660377,4,4,3,-339.2460983,-111.1808834,-175.5562528,269.5849057,279.3962264,9.811320755,
data/Raw Data Cleaned/Jeff brush 3.csv,2.078000069,223.5733333,16.96,-171.0933333,9,10,8,-51.55277351,-151.0401374,-270.8282128,206.6133333,394.6666667,188.0533333,
data/Raw Data Cleaned/Jeff brush 3.csv,2.076999903,163.7894737,-67.53684211,-106.6105263,8,7,8,66.71766893,58.1314676,-232.9571743,231.3263158,270.4,39.07368421,
data/Raw Data Cleaned/Jeff brush 3.csv,2.006000042,112.0727273,-20.14545455,-75.85454545,5,5,5,18.14621225,-79.90619877,-145.8141898,132.2181818,187.9272727,55.70909091,
data/Raw Data Cleaned/Jeff brush 3.csv,2.065000057,124.5714286,-35.18796992,-121.5639098,6,10,10,168.2828231,336.0794358,-380.6362801,159.7593985,246.1353383,86.37593985,
data/Raw Data Cleaned/Jeff brush 3.csv,2.076999903,58.83870968,67.1483871,-88.0516129,3,2,6,-201.6027626,115.1561473,-106.1368227,-8.309677419,146.8903226,155.2,
data/Raw Data Cleaned/Jeff brush 3.csv,2.077000141,73.77777778,14.83040936,-57.16959064,5,6,4,-140.8921405,34.27987419,-197.7154866,58.94736842,130.9473684,72,
data/Raw Data Cleaned/Jeff brush 3.csv,2.07799983,91.87628866,14.51546392,-69.36082474,7,7,6,-67.81287648,-79.31631248,0.176476351,77.36082474,161.2371134,83.87628866,
data/Raw Data Cleaned/Jeff brush 3.csv,3.299000025,67.32075472,5.735849057,-50.98113208,4,5,5,-53.34654071,-91.99693825,-323.1377335,61.58490566,118.3018868,56.71698113,
data/Raw Data Cleaned/Jeff brush 3.csv,2.01699996,72.61538462,8.170940171,-58.76923077,6,6,7,116.8750447,188.4387487,141.5247374,64.44444444,131.3846154,66.94017094,
data/Raw Data Cleaned/Jeff brush 3.csv,2.077000141,72.40310078,4.124031008,-59.84496124,8,9,8,5.649582309,-13.96552681,-163.1362892,68.27906977,132.248062,63.96899225,
data/Raw Data Cleaned/Jeff brush 3.csv,2,44.42181818,6.225454545,-43.43272727,5,7,7,-0.591292304,37.94118496,-3.600680106,38.19636364,87.85454545,49.65818182,
data/Raw Data Cleaned/Jeff brush 3.csv,2.069999933,53.38720539,4.30976431,-52.01346801,10,9,10,45.13150302,-90.30649398,161.0998223,49.07744108,105.4006734,56.32323232,
data/Raw Data Cleaned/Jeff brush 3.csv,2.076999903,51.9,-2.55,-50.725,9,10,10,-61.48479457,191.7591791,-405.8847838,54.45,102.625,48.175,
data/Raw Data Cleaned/Jeff brush 3.csv,2.076000214,29.80298507,-0.692537313,-34.3641791,4,6,5,-40.67259064,228.541114,-366.0625108,30.49552239,64.16716418,33.67164179,
data/Raw Data Cleaned/Jeff brush 3.csv,2.079999924,40.92134831,-1.595505618,-44.38202247,3,5,4,-9.249121722,15.24064942,-74.76935575,42.51685393,85.30337079,42.78651685,
data/Raw Data Cleaned/Jeff brush 3.csv,2.496999979,37.94164456,1.039787798,-42.97082228,4,5,4,-6.857017484,119.4398355,-193.6884011,36.90185676,80.91246684,44.01061008,
data/Raw Data Cleaned/Jeff brush 3.csv,2.069000006,38.84,6.86,-42.26,5,5,5,-9.492349269,123.7836092,-154.517175,31.98,81.1,49.12,
data/Raw Data Cleaned/Jeff brush 3.csv,2.075999975,40.11320755,12.81132075,-34.98113208,7,7,6,-18.02158984,129.7872896,273.8814754,27.30188679,75.09433962,47.79245283,
data/Raw Data Cleaned/Jeff brush 3.csv,2.076999903,24.32951945,9.318077803,-13.76659039,2,4,3,18.66026446,-161.3370209,-114.298865,15.01144165,38.09610984,23.08466819,
data/Raw Data Cleaned/Jeff brush 3.csv,2.160000086,13.31019523,36.65075922,-16.93709328,4,5,5,-91.47155244,-290.128847,162.2427708,-23.34056399,30.2472885,53.58785249,
data/Raw Data Cleaned/Jeff brush 3.csv,2.076999903,40.3127572,-12.57613169,-31.35802469,6,7,8,-81.12802004,-91.83220314,-72.39857816,52.88888889,71.67078189,18.781893,
data/Raw Data Cleaned/Jeff brush 3.csv,2.075000048,23.29740519,-8.223552894,-16.73453094,3,5,3,-3.74681869,-18.93783326,26.26623442,31.52095808,40.03193613,8.510978044,
data/Raw Data Cleaned/Jeff brush 3.csv,2.075999975,34.16380952,-17.15809524,-26.27047619,7,7,7,-147.4993905,-97.23750706,32.14014061,51.32190476,60.43428571,9.112380952,
data/Raw Data Cleaned/Jeff brush 3.csv,3.381999969,25.02941176,5.602941176,-15.86764706,4,5,5,-35.47552475,556.7373338,228.8280348,19.42647059,40.89705882,21.47058824,
data/Raw Data Cleaned/Jeff brush 3.csv,2.018000126,27.45486726,20.92743363,-11.78053097,7,6,6,120.6158106,30.67994775,138.5802138,6.527433628,39.23539823,32.7079646,
data/Raw Data Cleaned/Jeff brush 3.csv,2.076999903,6.859083192,30.37011885,-4.033955857,3,6,7,-617.7220469,312.409375,178.8168238,-23.51103565,10.89303905,34.4040747,
data/Raw Data Cleaned/Jeff brush 3.csv,2.075999975,-15.28830313,25.25205931,-1.080724876,4,3,5,-117.5928436,353.467136,-117.2620486,-40.54036244,-14.20757825,26.33278418,
data/Raw Data Cleaned/Jeff brush 3.csv,1.412000179,-16.67948718,21.66666667,-4.705128205,4,3,4,362.183845,-237.348801,-952.0451633,-38.34615385,-11.97435897,26.37179487,
data/Raw Data Cleaned/Jeff brush 4.csv,2.075999975,588.8695652,22.95652174,-779.4782609,5,6,7,220.0192391,303.1905263,420.2969074,565.9130435,1368.347826,802.4347826,
data/Raw Data Cleaned/Jeff brush 4.csv,2.075000048,361.5652174,128.5217391,-295.3043478,7,5,7,62.29680562,10.3986538,218.1133865,233.0434783,656.8695652,423.826087,
data/Raw Data Cleaned/Jeff brush 4.csv,2.075999975,138.9206349,43.68253968,-214.3492063,4,5,5,-198.7717603,458.6152555,-8.432696515,95.23809524,353.2698413,258.031746,
data/Raw Data Cleaned/Jeff brush 4.csv,2.075999975,123.5238095,172.6666667,-128.2857143,4,6,6,-27.05089672,175.7609582,69.6375744,-49.14285714,251.8095238,300.952381,
data/Raw Data Cleaned/Jeff brush 4.csv,2.671999931,120.733945,169.1743119,-97.76146789,6,6,7,360.0326997,-130.7589824,75.72836579,-48.44036697,218.4954128,266.9357798,
data/Raw Data Cleaned/Jeff brush 4.csv,2.059999943,89.38345865,66.22556391,-134.3157895,7,7,7,-237.2141383,391.6360748,-225.3935029,23.15789474,223.6992481,200.5413534,
data/Raw Data Cleaned/Jeff brush 4.csv,1.578000069,63.31578947,104.5789474,-42.31578947,5,5,5,-98.36660269,-162.1389378,14.82906011,-41.26315789,105.6315789,146.8947368,
data/Raw Data Cleaned/Jeff brush 5.csv,2.075000048,483.6666667,814.3333333,-264.3333333,8,6,9,301.3911962,235.6999859,322.3706411,-330.6666667,748,1078.666667,
data/Raw Data Cleaned/Jeff brush 5.csv,2.075999975,-15.16666667,459.5,-100,4,6,6,-268.7189838,152.0398323,380.5424729,-474.6666667,84.83333333,559.5,
data/Raw Data Cleaned/Jeff brush 5.csv,2.075000048,-136.3870968,179.3548387,33.16129032,3,4,5,-438.5858685,-123.4453191,-129.8350091,-315.7419355,-169.5483871,146.1935484,
data/Raw Data Cleaned/Jeff brush 5.csv,0.414999962,-62.32835821,45.01492537,-17.91044776,1,1,1,72.2887895,-385.5419411,-1831.324099,-107.3432836,-44.41791045,62.92537313,
data/Raw Data Cleaned/Jeff chin 1.csv,2.075999975,358.4615385,-16,-973.2307692,4,5,7,67.71749217,-83.96773416,48.57657606,374.4615385,1331.692308,957.2307692,
data/Raw Data Cleaned/Jeff chin 1.csv,1.662000179,109.3333333,-17.42222222,-409.0666667,2,4,6,-381.0502804,261.5558543,-46.36880711,126.7555556,518.4,391.6444444,
data/Raw Data Cleaned/Jeff chin 2.csv,2.074999809,407.2,-106.8,-876.4,4,3,5,312.6878383,-115.8110155,146.6879078,514,1283.6,769.6,
data/Raw Data Cleaned/Jeff chin 2.csv,1.161000013,63.76470588,-48.94117647,-396.9411765,2,3,3,-835.5067896,437.8043897,-237.4362181,112.7058824,460.7058824,348,
data/Raw Data Cleaned/Jeff comb 1.csv,2.075999975,-465.6666667,640.3333333,98,6,5,5,-389.9182802,-243.5949439,-527.0450722,-1106,-563.6666667,542.3333333,
data/Raw Data Cleaned/Jeff comb 1.csv,2.15899992,122.1666667,90,-119.6666667,5,5,5,288.8097549,-818.6545924,214.0367316,32.16666667,241.8333333,209.6666667,
data/Raw Data Cleaned/Jeff comb 1.csv,0.58100009,25.16363636,-115.9272727,-60.50909091,1,1,0,594.3785983,594.3809517,706.8282879,141.0909091,85.67272727,-55.41818182,
data/Raw Data Cleaned/Jeff comb 2.csv,2.118000031,715.826087,438.6086957,33.39130435,3,5,6,714.0180646,-210.5126715,1.904136941,277.2173913,682.4347826,405.2173913,
data/Raw Data Cleaned/Jeff comb 2.csv,2.032000065,284.6956522,-56.69565217,-296.3478261,4,5,5,-362.2964454,175.1925619,-187.6769453,341.3913043,581.0434783,239.6521739,
data/Raw Data Cleaned/Jeff comb 2.csv,2.075000048,158.9508197,34.8852459,-164.9836066,3,2,4,-742.3285153,225.7582252,-790.6909596,124.0655738,323.9344262,199.8688525,
data/Raw Data Cleaned/Jeff comb 2.csv,2.075000048,137.2235294,-32.09411765,-166.8705882,4,3,6,161.2489674,-38.6349577,388.0033595,169.3176471,304.0941176,134.7764706,
data/Raw Data Cleaned/Jeff comb 2.csv,2.078999996,110.2803738,-100.1869159,-108.3364486,6,5,7,-202.9860273,-150.2178647,-223.9713367,210.4672897,218.6168224,8.14953271,
data/Raw Data Cleaned/Jeff comb 2.csv,1.738999844,-71.26666667,49.66666667,-14.13333333,2,1,4,-1406.836026,1362.96412,364.7245467,-120.9333333,-57.13333333,63.8,
data/Raw Data Cleaned/Jeff draw 1.csv,2.076999903,88.64,810.88,-637.44,6,6,7,4.061668699,6.839875519,-2.610975594,-722.24,726.08,1448.32,
data/Raw Data Cleaned/Jeff draw 1.csv,2.075000048,44.57142857,408.1632653,-291.9183673,6,7,7,52.6182543,88.87410046,16.68022496,-363.5918367,336.4897959,700.0816327,
data/Raw Data Cleaned/Jeff draw 1.csv,2.240999937,38.87323944,263.5492958,-166.6478873,5,8,7,42.29496341,31.2953037,73.40952863,-224.6760563,205.5211268,430.1971831,
data/Raw Data Cleaned/Jeff draw 1.csv,2.075999975,28,207.4893617,-136.1702128,4,6,5,-17.20717732,-22.52213714,33.34667948,-179.4893617,164.1702128,343.6595745,
data/Raw Data Cleaned/Jeff draw 1.csv,2.184000015,10.16216216,131.7477477,-88.14414414,6,6,6,56.66252376,-55.30673851,121.2480024,-121.5855856,98.30630631,219.8918919,
data/Raw Data Cleaned/Jeff draw 1.csv,2.049000025,14.32835821,151.641791,-85.07462687,7,8,8,-40.7627397,255.0256623,-74.70299598,-137.3134328,99.40298507,236.7164179,
data/Raw Data Cleaned/Jeff draw 1.csv,2,13.36774194,119.7935484,-68.43870968,7,7,7,-41.56937384,-35.63998579,-363.5218752,-106.4258065,81.80645161,188.2322581,
data/Raw Data Cleaned/Jeff draw 1.csv,1.820000172,6,62.42857143,-37.9047619,3,3,4,-222.2018753,-558.4042772,-497.9528714,-56.42857143,43.9047619,100.3333333,
data/Raw Data Cleaned/Jeff draw 2.csv,2.069000006,119.04,856.32,-560.32,5,9,7,5.907751588,43.95224028,80.87834835,-737.28,679.36,1416.64,
data/Raw Data Cleaned/Jeff draw 2.csv,2.071000099,52.24489796,407.0204082,-264.6530612,6,7,9,-16.44940319,-26.98905714,-118.0285518,-354.7755102,316.8979592,671.6734694,
data/Raw Data Cleaned/Jeff draw 2.csv,2.075000048,26.5,202.75,-116.875,3,4,4,62.63422053,-61.78044205,17.18401669,-176.25,143.375,319.625,
data/Raw Data Cleaned/Jeff draw 2.csv,2.078999996,36.36363636,239.1818182,-117.5454545,6,7,6,-22.46970709,57.1419417,-246.3885621,-202.8181818,153.9090909,356.7272727,
data/Raw Data Cleaned/Jeff draw 2.csv,2.072999954,14.5,167.4285714,-143.9285714,6,8,9,19.7062825,27.66196046,37.60650867,-152.9285714,158.4285714,311.3571429,
data/Raw Data Cleaned/Jeff draw 2.csv,2.089999914,7.433070866,94.48818898,-70.17322835,3,5,3,8.582305153,-81.36895499,-19.46671058,-87.05511811,77.60629921,164.6614173,
data/Raw Data Cleaned/Jeff draw 2.csv,2.062999964,13.33333333,127.68,-83.84,5,7,8,-50.08827965,-37.30839478,-157.0003278,-114.3466667,97.17333333,211.52,
data/Raw Data Cleaned/Jeff draw 2.csv,1.575000048,14.4852071,86.81656805,-67.4556213,4,5,6,-127.8170697,-469.3873487,-156.8189239,-72.33136095,81.9408284,154.2721893,
data/Raw Data Cleaned/Kelly brush 3.csv,2.065999985,161.6,38.8,-493.2,7,6,5,403.46561,-385.7282822,-13.84806817,122.8,654.8,532,
data/Raw Data Cleaned/Kelly brush 3.csv,2.075999975,480.5581395,8.558139535,-182.1395349,9,8,8,6.437476536,-72.51318817,-149.6813213,472,662.6976744,190.6976744,
data/Raw Data Cleaned/Kelly brush 3.csv,2.075999975,224.8275862,-14.06896552,-72.68965517,5,5,5,202.4012633,-232.0412961,654.0607915,238.8965517,297.5172414,58.62068966,
data/Raw Data Cleaned/Kelly brush 3.csv,2.080000162,269.7831325,-21.87951807,-95.13253012,8,8,9,100.5838766,725.2623211,369.3501566,291.6626506,364.9156627,73.25301205,
data/Raw Data Cleaned/Kelly brush 3.csv,2.073999882,168.776699,12.19417476,-62.83495146,8,8,6,180.413965,379.739771,620.0833288,156.5825243,231.6116505,75.02912621,
data/Raw Data Cleaned/Kelly brush 3.csv,2.075999975,124.5619835,-26.84297521,-50.5785124,7,7,7,363.2055031,210.0197768,591.4980464,151.4049587,175.1404959,23.73553719,
data/Raw Data Cleaned/Kelly brush 3.csv,2.075999975,137.3888889,0.777777778,-59.61111111,9,9,8,-71.15010223,-223.6349084,-11.08202808,136.6111111,197,60.38888889,
data/Raw Data Cleaned/Kelly brush 3.csv,2.43900013,88.3,-27.9,-9.4,5,5,5,174.9919795,798.5681124,-57.08601582,116.2,97.7,-18.5,
data/Raw Data Cleaned/Kelly brush 3.csv,2.044999838,112.5652174,-11.7826087,-39.56521739,8,8,9,98.64535711,476.918817,530.5619137,124.3478261,152.1304348,27.7826087,
data/Raw Data Cleaned/Kelly brush 3.csv,2.076000214,96.23188406,-14.29951691,-39.61352657,9,9,7,-115.610126,-562.8926897,48.88347076,110.531401,135.8454106,25.31400966,
data/Raw Data Cleaned/Kelly brush 3.csv,2.075999975,57.55656109,5.067873303,-18.02714932,4,5,4,-14.48632999,-63.77630337,737.2364507,52.48868778,75.58371041,23.09502262,
data/Raw Data Cleaned/Kelly brush 3.csv,2.075999975,81.95918367,-7.673469388,-35.75510204,9,10,9,179.7940308,402.2667335,-46.2875513,89.63265306,117.7142857,28.08163265,
data/Raw Data Cleaned/Kelly brush 3.csv,1.082000017,-0.341085271,16.12403101,-32.62015504,2,2,2,-1125.67729,246.3719898,609.8820782,-16.46511628,32.27906977,48.74418605,
data/Raw Data Cleaned/Kelly brush.csv,2.077,337.2631579,159.1578947,-610.1052632,3,6,5,858.0292525,9.592993867,352.8763027,178.1052632,947.3684211,769.2631579,
data/Raw Data Cleaned/Kelly brush.csv,2.077,420.6315789,21.89473684,-278.1052632,7,7,8,-8.26609581,729.4711369,-360.1408068,398.7368421,698.7368421,300,
data/Raw Data Cleaned/Kelly brush.csv,2.078,301.0666667,53.33333333,-146.5333333,9,9,8,125.4950312,547.0759479,87.18668727,247.7333333,447.6,199.8666667,
data/Raw Data Cleaned/Kelly brush.csv,2.078,238.3614458,1.542168675,-105.060241,9,9,8,-175.2745968,-1148.282207,-307.2613633,236.8192771,343.4216867,106.6024096,
data/Raw Data Cleaned/Kelly brush.csv,2.416,159.8431373,23.05882353,-68,7,7,6,160.6697189,-478.952348,-149.7695169,136.7843137,227.8431373,91.05882353,
data/Raw Data Cleaned/Kelly brush.csv,2.069,151.6774194,-25.29032258,-79.93548387,9,9,10,38.36353867,-122.4944986,326.0764054,176.9677419,231.6129032,54.64516129,
data/Raw Data Cleaned/Kelly brush.csv,2.076,143.027027,-29.45945946,-47.89189189,10,7,9,-222.2187192,-314.3038921,-873.8614302,172.4864865,190.9189189,18.43243243,
data/Raw Data Cleaned/Kelly brush.csv,2.077,97.8313253,-19.75903614,-26.60240964,6,6,6,122.6713649,293.374393,-98.05905104,117.5903614,124.4337349,6.843373494,
data/Raw Data Cleaned/Kelly brush.csv,2.077,104.2553191,-15.0212766,-36.80851064,9,9,7,22.9185671,536.1149523,65.75517724,119.2765957,141.0638298,21.78723404,
data/Raw Data Cleaned/Kelly brush.csv,2.076,88.87619048,17.86666667,-36.91428571,8,8,8,-153.0358608,-515.8758941,-318.8117923,71.00952381,125.7904762,54.78095238,
data/Raw Data Cleaned/Kelly brush.csv,2.077,60.17699115,8.247787611,-27.89380531,5,5,5,-57.07868072,91.5354809,80.24287618,51.92920354,88.07079646,36.14159292,
data/Raw Data Cleaned/Kelly brush.csv,2.076,81.216,0.832,-44.064,8,9,9,26.02654203,-172.9745947,108.7938876,80.384,125.28,44.896,
data/Raw Data Cleaned/Kelly brush.csv,2.34,66.09594096,-1.948339483,-28.900369,8,8,7,228.0928149,399.8606762,283.5460399,68.04428044,94.99630996,26.95202952,
data/Raw Data Cleaned/Kelly brush.csv,2.062,63.45578231,-15.1292517,-37.06122449,8,8,8,131.4288688,442.4284319,292.1569972,78.58503401,100.5170068,21.93197279,
data/Raw Data Cleaned/Kelly brush.csv,2.077,62.64150943,-5.786163522,-31.9245283,10,10,8,40.49017413,80.31789709,-263.986046,68.42767296,94.56603774,26.13836478,
data/Raw Data Cleaned/Kelly brush.csv,2.64,28.18237082,3.136778116,-15.75683891,3,4,3,487.4849986,1032.25021,1210.87073,25.04559271,43.93920973,18.89361702,
data/Raw Data Cleaned/Kelly brush.csv,2.011,44.06896552,-9.609195402,-24.59770115,8,8,7,-217.1196251,-919.0717152,-552.6327389,53.67816092,68.66666667,14.98850575,
data/Raw Data Cleaned/Kelly brush.csv,2.076,51.04043127,-1.078167116,-28.54986523,8,8,8,102.1853709,285.0703084,63.3480142,52.11859838,79.5902965,27.47169811,
data/Raw Data Cleaned/Kelly brush.csv,2.076,37.86118252,7.794344473,-20.52442159,7,7,6,-236.4627295,-1178.396981,-334.8945885,30.06683805,58.38560411,28.31876607,
data/Raw Data Cleaned/Kelly brush.csv,2.079,26.31372549,21.05882353,-19.94117647,3,5,6,-833.697535,664.9740598,355.4802151,5.254901961,46.25490196,41,
data/Raw Data Cleaned/Kelly brush.csv,0.745,-19.3764988,14.58033573,-4.182254197,2,0,1,217.8053252,-463.693559,28.94601716,-33.95683453,-15.1942446,18.76258993,
data/Raw Data Cleaned/Kelly chin 1.csv,2.075999975,581.2,297.6,-289.6,3,4,4,468.3389888,-174.2168529,-513.0940908,283.6,870.8,587.2,
data/Raw Data Cleaned/Kelly chin 1.csv,0.748000145,-232.5517241,235.0344828,2.206896552,1,1,2,-1576.689236,-76.16635116,-53.6340724,-467.5862069,-234.7586207,232.8275862,
data/Raw Data Cleaned/Kelly chin 2.csv,2.075999975,620,199,-300.6666667,5,4,4,408.6379377,-338.6553269,-97.28145406,421,920.6666667,499.6666667,
data/Raw Data Cleaned/Kelly chin 2.csv,0.914999962,-174.5882353,229.6470588,23.76470588,1,1,2,-685.4092181,-235.607745,374.8333368,-404.2352941,-198.3529412,205.8823529,
data/Raw Data Cleaned/Kelly comb 1.csv,2.075000048,-2.333333333,419.3333333,-128,5,4,7,805.8622438,-424.299069,-196.9164682,-421.6666667,125.6666667,547.3333333,
data/Raw Data Cleaned/Kelly comb 1.csv,2.07799983,385.7959184,-272.8163265,-123.1020408,6,5,7,-360.7260595,420.3621584,-92.50278011,658.6122449,508.8979592,-149.7142857,
data/Raw Data Cleaned/Kelly comb 1.csv,2.578999996,60.36363636,-66.47272727,-42.76363636,2,1,1,-621.514053,-1342.993086,23.77465791,126.8363636,103.1272727,-23.70909091,
data/Raw Data Cleaned/Kelly comb 1.csv,2.072000027,22.78481013,-181.0632911,-258.1265823,7,6,7,-503.8255015,-210.95285,-220.8254214,203.8481013,280.9113924,77.06329114,
data/Raw Data Cleaned/Kelly comb 1.csv,2.075000048,85.2815534,130.2524272,-82.01941748,4,5,6,-150.81337,933.3087864,-410.3237771,-44.97087379,167.3009709,212.2718447,
data/Raw Data Cleaned/Kelly comb 1.csv,0.83100009,4.581818182,63.70909091,-23.49090909,1,1,0,218.0790185,11.54559842,789.2137973,-59.12727273,28.07272727,87.2,
data/Raw Data Cleaned/Kelly comb 2.csv,2.073,235.6666667,525,-30.66666667,4,5,5,372.5986285,-724.7227096,52.04731904,-289.3333333,266.3333333,555.6666667,
data/Raw Data Cleaned/Kelly comb 2.csv,2.076,318.0408163,-354.6122449,-156.8979592,5,4,7,-211.768654,282.0988715,-243.1430298,672.6530612,474.9387755,-197.7142857,
data/Raw Data Cleaned/Kelly comb 2.csv,2.326,128,-15.87301587,7.365079365,3,2,4,-123.593993,697.6392952,-608.1325964,143.8730159,120.6349206,-23.23809524,
data/Raw Data Cleaned/Kelly comb 2.csv,2.075,79.54545455,111.4545455,-48.27272727,3,5,6,-193.568721,370.7380238,192.210322,-31.90909091,127.8181818,159.7272727,
data/Raw Data Cleaned/Kelly comb 2.csv,0.748,-62.18556701,63.42268041,18.30927835,1,3,1,-851.3276232,713.3574952,-1188.987204,-125.6082474,-80.49484536,45.11340206,
data/Raw Data Cleaned/Kelly draw 1.csv,2.075999975,163.4782609,915.826087,-289.3913043,6,6,5,-165.6873927,145.837388,174.8841409,-752.3478261,452.8695652,1205.217391,
data/Raw Data Cleaned/Kelly draw 1.csv,2.077000141,97.36170213,487.3191489,-122.212766,6,6,7,61.36417015,-33.0698358,65.89236306,-389.9574468,219.5744681,609.5319149,
data/Raw Data Cleaned/Kelly draw 1.csv,2.075999975,16.77419355,234.9677419,-35.61290323,4,3,4,242.3999424,202.6369658,-95.98500818,-218.1935484,52.38709677,270.5806452,
data/Raw Data Cleaned/Kelly draw 1.csv,2.07799983,23.53488372,277.4883721,-19.72093023,6,7,6,38.4621943,-9.592404779,540.2176779,-253.9534884,43.25581395,297.2093023,
data/Raw Data Cleaned/Kelly draw 1.csv,0.58100009,13.93548387,64,-18.92473118,0,1,1,-479.5547076,490.8499365,-2276.308235,-50.06451613,32.86021505,82.92473118,
data/Raw Data Cleaned/Kelly draw 2.csv,2.072999954,295,936,-136.3333333,6,5,7,81.03040823,-29.4196664,50.77742201,-641,431.3333333,1072.333333,
data/Raw Data Cleaned/Kelly draw 2.csv,2.077000141,152.6956522,389.2173913,-233.5652174,7,9,9,61.70330827,-111.4675846,-227.5899931,-236.5217391,386.2608696,622.7826087,
data/Raw Data Cleaned/Kelly draw 2.csv,2.075999975,59,144.5714286,-69.57142857,3,3,3,-123.1755309,-65.51276079,371.0607522,-85.57142857,128.5714286,214.1428571,
data/Raw Data Cleaned/Kelly draw 2.csv,2.075999975,30.4,293.7,-60.4,6,5,5,-27.62283412,40.33590051,-101.2480686,-263.3,90.8,354.1,
data/Raw Data Cleaned/Kelly draw 2.csv,2.076999903,25.23076923,224.2307692,-32.53846154,6,3,6,166.985855,-7.589202101,-58.78399862,-199,57.76923077,256.7692308,
data/Raw Data Cleaned/Kelly draw 2.csv,0.332000017,7.925925926,22,-29.18518519,0,1,0,63.05304877,-118.7237966,-1054.674807,-14.07407407,37.11111111,51.18518519,
data/Raw Data Cleaned/Sambhav brush 1.csv,2.065999985,-742.3333333,474.3333333,-326.6666667,2,4,7,707.4609307,213.6884103,-98.79794083,-1216.666667,-415.6666667,801,
data/Raw Data Cleaned/Sambhav brush 1.csv,2.072999954,391.5102041,273.4693878,-20.08163265,8,8,8,117.2331131,14.14838538,125.2687864,118.0408163,411.5918367,293.5510204,
data/Raw Data Cleaned/Sambhav brush 1.csv,2.829999924,233.5072464,151.1884058,35.94202899,5,7,6,116.2989007,-24.71967355,54.51408383,82.31884058,197.5652174,115.2463768,
data/Raw Data Cleaned/Sambhav brush 1.csv,2.07400012,182.5617978,122.6966292,7.460674157,6,7,7,-151.2785308,43.44874461,-301.5534215,59.86516854,175.1011236,115.2359551,
data/Raw Data Cleaned/Sambhav brush 1.csv,2.07799983,164.2857143,113.5714286,11.42857143,8,7,8,-44.00994337,53.30626099,-114.8650249,50.71428571,152.8571429,102.1428571,
data/Raw Data Cleaned/Sambhav brush 1.csv,2.075999975,141.2941176,67.58823529,-27.94117647,8,8,9,114.113923,-109.4868846,-333.3732794,73.70588235,169.2352941,95.52941176,
data/Raw Data Cleaned/Sambhav brush 1.csv,2.077000141,121.9378882,0.397515528,-97.39130435,9,9,9,15.33125021,81.36055506,-302.0209161,121.5403727,219.3291925,97.78881988,
data/Raw Data Cleaned/Sambhav brush 1.csv,2.076999903,90.51933702,16,-48.17679558,5,4,6,-18.75012705,174.788733,497.0942395,74.51933702,138.6961326,64.17679558,
data/Raw Data Cleaned/Sambhav brush 1.csv,2.078999996,103.5339806,45.98058252,-24.34951456,9,8,9,31.11626143,31.09303598,132.3884838,57.55339806,127.8834951,70.33009709,
data/Raw Data Cleaned/Sambhav brush 1.csv,2.075000048,87.2,49.07826087,1.634782609,8,8,9,88.58639088,149.3090345,215.7663455,38.12173913,85.56521739,47.44347826,
data/Raw Data Cleaned/Sambhav brush 1.csv,2.282999992,81.1023622,35.49606299,-10.36220472,9,8,9,75.32963244,-75.62678931,-116.6992637,45.60629921,91.46456693,45.85826772,
data/Raw Data Cleaned/Sambhav brush 1.csv,2.039000034,50.30258303,-6.346863469,-29.63837638,5,6,3,-77.12452449,-494.3788619,-928.2090747,56.64944649,79.94095941,23.29151292,
data/Raw Data Cleaned/Sambhav brush 1.csv,2.075999975,61.23389831,-21.53220339,-47.78305085,8,8,7,45.61658207,64.77483967,198.0399586,82.76610169,109.0169492,26.25084746,
data/Raw Data Cleaned/Sambhav brush 1.csv,2.661999941,58.2,-17.025,-50.15,9,9,9,15.33832454,-90.74067234,-40.33589002,75.225,108.35,33.125,
data/Raw Data Cleaned/Sambhav brush 1.csv,2.073000193,50.20527859,-22.19354839,-32.6568915,7,7,6,-69.40188682,-298.7649282,132.9197004,72.39882698,82.86217009,10.46334311,
data/Raw Data Cleaned/Sambhav brush 1.csv,2.07799983,49.95604396,-23.40659341,-33.62637363,7,7,6,-27.95675816,-2.155919303,173.11546,73.36263736,83.58241758,10.21978022,
data/Raw Data Cleaned/Sambhav brush 1.csv,2.078000069,30.90526316,-14.86315789,-27.47368421,6,7,4,-9.732556992,-521.2933519,-171.7823565,45.76842105,58.37894737,12.61052632,
data/Raw Data Cleaned/Sambhav brush 1.csv,2.075999975,46.08395062,3.950617284,-27.77283951,9,8,8,45.95788286,315.0411928,57.66599682,42.13333333,73.85679012,31.72345679,
data/Raw Data Cleaned/Sambhav brush 1.csv,2.075999975,40.75117371,22.5915493,-5.521126761,8,7,8,-35.22100035,74.45327259,-658.7585081,18.15962441,46.27230047,28.11267606,
data/Raw Data Cleaned/Sambhav brush 1.csv,2.077000141,34.43243243,15.71171171,-9.765765766,7,4,7,134.4146165,0.411177433,-228.8202229,18.72072072,44.1981982,25.47747748,
data/Raw Data Cleaned/Sambhav brush 1.csv,2.075999975,45.64605544,14.03837953,-19.61620469,7,8,9,31.58535867,91.37197831,-154.0270934,31.60767591,65.26226013,33.65458422,
data/Raw Data Cleaned/Sambhav brush 1.csv,3.464999914,30.14754098,22.42622951,0.983606557,5,6,6,53.05215427,137.881617,140.9519717,7.721311475,29.16393443,21.44262295,
data/Raw Data Cleaned/Sambhav brush 1.csv,2.017999887,32.4853229,27.50684932,5.307240705,5,6,7,-211.3182675,147.667527,253.5323576,4.978473581,27.17808219,22.19960861,
data/Raw Data Cleaned/Sambhav brush 1.csv,1.744000196,-4.354048964,17.61205273,-30.05649718,2,0,5,-492.5803339,-456.1243923,-926.5093903,-21.96610169,25.70244821,47.66854991,
data/Raw Data Cleaned/Sambhav brush 2.csv,2.077000141,-737.0434783,282.0869565,-605.9130435,3,3,4,181.6023564,378.3010306,-32.63073806,-1019.130435,-131.1304348,888,
data/Raw Data Cleaned/Sambhav brush 2.csv,2.076999903,363.3333333,280.5,-43.83333333,7,7,8,397.6807249,-146.7631966,186.5838804,82.83333333,407.1666667,324.3333333,
data/Raw Data Cleaned/Sambhav brush 2.csv,2.578000069,129.2631579,86.59649123,7.438596491,2,2,2,-12.04792393,84.33754404,48.19411833,42.66666667,121.8245614,79.15789474,
data/Raw Data Cleaned/Sambhav brush 2.csv,2.287999868,242.8292683,168.3902439,41.26829268,8,6,8,41.1086237,35.19246066,236.0980409,74.43902439,201.5609756,127.1219512,
data/Raw Data Cleaned/Sambhav brush 2.csv,2.028000116,173.4095238,113.3714286,-0.60952381,7,5,7,5.247839451,-87.73109172,-195.1835249,60.03809524,174.0190476,113.9809524,
data/Raw Data Cleaned/Sambhav brush 2.csv,2.47300005,57.19298246,2.035087719,-53.8245614,3,3,2,24.09705916,-228.9150884,-614.4575486,55.15789474,111.0175439,55.85964912,
data/Raw Data Cleaned/Sambhav brush 2.csv,2.013000011,138.5693431,44.37956204,-50.45255474,6,6,7,38.90292118,176.4601216,174.218313,94.18978102,189.0218978,94.83211679,
data/Raw Data Cleaned/Sambhav brush 2.csv,2.07799983,120.6540881,60.42767296,-4.628930818,7,7,8,-0.825190615,100.8814785,37.26097484,60.22641509,125.2830189,65.05660377,
data/Raw Data Cleaned/Sambhav brush 2.csv,2.631999969,53.50588235,35.67058824,0.423529412,3,3,3,-28.9151005,115.6630046,-327.7092068,17.83529412,53.08235294,35.24705882,
data/Raw Data Cleaned/Sambhav brush 2.csv,2.019000053,89.56701031,77.40206186,-0.371134021,8,7,8,-40.92014108,-52.0627004,-110.421855,12.16494845,89.93814433,77.77319588,
data/Raw Data Cleaned/Sambhav brush 2.csv,2.075999975,76.59259259,62.59259259,3.296296296,6,6,7,69.06495481,-174.3916413,-71.9632063,14,73.2962963,59.2962963,
data/Raw Data Cleaned/Sambhav brush 2.csv,2.077000141,62.35897436,41.98290598,-3.623931624,6,6,6,-16.67228515,142.3510006,-151.6664526,20.37606838,65.98290598,45.60683761,
data/Raw Data Cleaned/Sambhav brush 2.csv,2.076999903,73.05836576,43.51750973,-18.58365759,9,5,8,80.80558157,63.8332667,124.9131172,29.54085603,91.64202335,62.10116732,
data/Raw Data Cleaned/Sambhav brush 2.csv,2.076999903,69.35231317,42.64768683,5.295373665,6,8,8,-28.82899676,66.23275639,50.52308923,26.70462633,64.0569395,37.35231317,
data/Raw Data Cleaned/Sambhav brush 2.csv,2.077000141,44.41750842,27.12457912,2.720538721,5,5,4,59.28471291,-36.87166019,147.1020238,17.29292929,41.6969697,24.4040404,
data/Raw Data Cleaned/Sambhav brush 2.csv,2.076999903,65.59006211,25.29192547,-10.70807453,7,6,8,-76.54324776,-175.5608667,-51.379349,40.29813665,76.29813665,36,
data/Raw Data Cleaned/Sambhav brush 2.csv,2.420000076,37.79881657,-4.378698225,-32.37869822,5,6,5,-97.76233518,203.5582168,-295.8893896,42.17751479,70.17751479,28,
data/Raw Data Cleaned/Sambhav brush 2.csv,2.063999891,43.87743733,-8.245125348,-38.37325905,5,7,7,-57.68108144,-125.997276,-79.65285459,52.12256267,82.25069638,30.1281337,
data/Raw Data Cleaned/Sambhav brush 2.csv,2.077000141,50.97916667,-16.35416667,-38.9375,8,8,8,9.636823034,-35.01976714,70.38367133,67.33333333,89.91666667,22.58333333,
data/Raw Data Cleaned/Sambhav brush 2.csv,0.830999851,18.01526718,-6.31043257,-12.84478372,3,3,2,48.19131503,12.04754324,-144.5766446,24.32569975,30.86005089,6.534351145,
data/Raw Data Cleaned/Sambhav brush 3.csv,2.069000006,173.3333333,559.2380952,-99.42857143,6,4,6,685.6529608,115.4394193,114.6815899,-385.9047619,272.7619048,658.6666667,
data/Raw Data Cleaned/Sambhav brush 3.csv,2.072999954,420.173913,300.173913,-3.304347826,8,7,7,-28.12864253,-56.8123121,-418.680653,120,423.4782609,303.4782609,
data/Raw Data Cleaned/Sambhav brush 3.csv,0.664999962,113.4814815,39.40740741,-94.51851852,2,2,3,7.214963303,-461.9557282,107.738671,74.07407407,208,133.9259259,
data/Raw Data Cleaned/Sambhav brush 5.csv,2.077,-299.3684211,807.1578947,-586.9473684,4,6,5,-19.16276225,-124.3939278,-114.8862558,-1106.526316,287.5789474,1394.105263,
data/Raw Data Cleaned/Sambhav brush 5.csv,2.077,-149.4545455,471.4545455,-313.0909091,8,8,8,122.6200247,-169.3534485,-79.07626144,-620.9090909,163.6363636,784.5454545,
data/Raw Data Cleaned/Sambhav brush 5.csv,2.056,-57.81132075,144,-80,2,1,2,1024.828434,-39.2238357,-475.640542,-201.8113208,22.18867925,224,
data/Raw Data Cleaned/Sambhav brush 5.csv,2.014,-79.56756757,247.3513514,-138.3783784,5,7,6,-14.39545131,-7.452187461,48.4577247,-326.9189189,58.81081081,385.7297297,
data/Raw Data Cleaned/Sambhav brush 5.csv,0.333,-21.33333333,39.17948718,-28,1,0,1,24.12050605,-521.9677509,-64.16054609,-60.51282051,6.666666667,67.17948718,
data/Raw Data Cleaned/Sambhav chin 1.csv,2.076999903,-698,470.6666667,-251.3333333,3,1,3,801.0906131,167.7326577,-72.47293703,-1168.666667,-446.6666667,722,
data/Raw Data Cleaned/Sambhav chin 1.csv,2.077000141,293.5,313.5,37.66666667,4,5,6,-610.3252276,166.0701343,64.68535148,-20,255.8333333,275.8333333,
data/Raw Data Cleaned/Sambhav chin 1.csv,0.580999851,-126.6909091,69.81818182,-25.16363636,0,0,1,-163.0733793,-1237.331568,-48.35958149,-196.5090909,-101.5272727,94.98181818,
data/Raw Data Cleaned/Sambhav chin 2.csv,2.077000141,44,635.3333333,-179.6666667,1,2,5,918.0389486,132.2780989,145.2728098,-591.3333333,223.6666667,815,
data/Raw Data Cleaned/Sambhav chin 2.csv,43.43899989,-25.17073171,253.4634146,-73.17073171,1,3,3,-401.0059747,-140.7923589,-192.958121,-278.6341463,48,326.6341463,
data/Raw Data Cleaned/Sambhav chin 2.csv,2.078000069,-80.36923077,219.6923077,-183.8769231,2,3,6,662.3515652,-202.0819103,-202.6857441,-300.0615385,103.5076923,403.5692308,
data/Raw Data Cleaned/Sambhav chin 2.csv,2.076999903,135.9058824,-115.9529412,-134.0235294,4,4,6,-39.45657035,844.308063,113.8327256,251.8588235,269.9294118,18.07058824,
data/Raw Data Cleaned/Sambhav chin 2.csv,2.473999977,78.04255319,2.978723404,-56.34042553,2,2,2,-251.648013,920.7256553,837.1202465,75.06382979,134.3829787,59.31914894,
data/Raw Data Cleaned/Sambhav chin 2.csv,2.00999999,83.69230769,106.6666667,-83.21367521,3,3,4,-878.4020135,536.582705,-431.4190401,-22.97435897,166.9059829,189.8803419,
data/Raw Data Cleaned/Sambhav chin 2.csv,0.332000017,-26.90909091,14.14876033,-17.98347107,0,0,0,-915.7749832,-574.5075546,1170.499022,-41.05785124,-8.925619835,32.1322314,
data/Raw Data Cleaned/Sambhav comb 1.csv,2.076999903,250.88,443.84,-481.28,3,4,5,662.4210414,-567.3702591,-484.2613546,-192.96,732.16,925.12,
data/Raw Data Cleaned/Sambhav comb 1.csv,2.075999975,265.9555556,-46.75555556,-269.6888889,4,4,6,-1.737966585,143.7734599,173.1898817,312.7111111,535.6444444,222.9333333,
data/Raw Data Cleaned/Sambhav comb 1.csv,0.664000034,66.46153846,-80.76923077,-93.38461538,1,1,1,697.297059,-778.0752527,377.3463617,147.2307692,159.8461538,12.61538462,
data/Raw Data Cleaned/Sambhav draw 1.5.csv,2.076999903,-406,814.8,-504.8,5,4,5,35.60592139,-29.49624505,88.07998295,-1220.8,98.8,1319.6,
data/Raw Data Cleaned/Sambhav draw 1.5.csv,2.076999903,-219.2727273,438.3636364,-296.9090909,4,4,4,-9.64167938,-97.08911683,-185.4948927,-657.6363636,77.63636364,735.2727273,
data/Raw Data Cleaned/Sambhav draw 1.5.csv,0.667000055,-48.96,105.12,-38.56,0,1,2,36.72465851,708.994706,753.3255301,-154.08,-10.4,143.68,
data/Raw Data Cleaned/Sambhav draw 1.csv,2.071000099,-402.3529412,869.1764706,-406.5882353,4,3,5,-8.001738095,-0.635544203,-41.68323554,-1271.529412,4.235294118,1275.764706,
data/Raw Data Cleaned/Sambhav draw 1.csv,2.076999903,-232.4,494,-253.6,4,4,4,96.00685625,-1.664119267,9.223856588,-726.4,21.2,747.6,
data/Raw Data Cleaned/Sambhav draw 1.csv,0.664999962,-66.72340426,126.1276596,-62.80851064,1,1,2,-294.6014663,-293.5273169,-333.3549753,-192.8510638,-3.914893617,188.9361702,
data/Raw Data Cleaned/Sambhav draw 3.csv,2.076999903,-522.3333333,748,-481,6,7,7,-48.94922162,-216.4635394,-423.4069112,-1270.333333,-41.33333333,1229,
data/Raw Data Cleaned/Sambhav draw 3.csv,2.076999903,-259.2340426,386.7234043,-190.4680851,7,7,7,86.54288728,36.69264176,-417.4891842,-645.9574468,-68.76595745,577.1914894,
data/Raw Data Cleaned/Sambhav draw 3.csv,2.060000181,-79.14285714,129.1428571,-76.71428571,2,2,2,-1785.121773,-580.0574944,1309.770223,-208.2857143,-2.428571429,205.8571429,
data/Raw Data Cleaned/Sambhav draw 3.csv,2.17599988,-142.8571429,218.8051948,-109.0909091,4,5,5,464.4479733,-30.68016021,-605.3682107,-361.6623377,-33.76623377,327.8961039,
data/Raw Data Cleaned/Sambhav draw 3.csv,0.414999962,-33.46341463,30.14634146,-45.26829268,0,0,1,-109.8029687,-14.78655831,85.70660166,-63.6097561,11.80487805,75.41463415,
data/Raw Data Cleaned/Shiyan brush 1.csv,2.309999943,193,687,-416.3333333,5,2,7,522.3382883,-243.8390974,-254.5394507,-494,609.3333333,1103.333333,
data/Raw Data Cleaned/Shiyan brush 1.csv,2.078999996,372.1666667,67.66666667,-314,9,8,7,-27.12801171,-101.1478223,-41.28379503,304.5,686.1666667,381.6666667,
data/Raw Data Cleaned/Shiyan brush 1.csv,2.078000069,228,49.88235294,-159.7647059,6,6,7,132.8440469,602.9247948,683.2281124,178.1176471,387.7647059,209.6470588,
data/Raw Data Cleaned/Shiyan brush 1.csv,2.076999903,219.0967742,83.09677419,-113.7204301,9,10,10,-45.44403192,-158.6206553,-591.132868,136,332.8172043,196.8172043,
data/Raw Data Cleaned/Shiyan brush 1.csv,2.176000118,126.4864865,14.7027027,-94.99099099,4,5,6,-67.95095554,-321.4682443,-622.9482368,111.7837838,221.4774775,109.6936937,
data/Raw Data Cleaned/Shiyan brush 1.csv,2.06099987,142.2222222,42.72592593,-84.91851852,9,9,8,47.61171478,37.79976888,109.1110786,99.4962963,227.1407407,127.6444444,
data/Raw Data Cleaned/Shiyan brush 1.csv,2.077000141,133.7,23.75,-69.95,9,9,7,24.7869744,264.9167635,135.4500075,109.95,203.65,93.7,
data/Raw Data Cleaned/Shiyan brush 1.csv,2.076999903,75.13636364,30.31818182,-34.13636364,5,6,5,68.02076057,393.5340102,624.5850673,44.81818182,109.2727273,64.45454545,
data/Raw Data Cleaned/Shiyan brush 1.csv,2.078000069,90.39593909,22.29441624,-42.27411168,7,8,7,152.6376803,-87.0272137,624.2336394,68.10152284,132.6700508,64.56852792,
data/Raw Data Cleaned/Shiyan brush 1.csv,2.078000069,90.13574661,1.447963801,-58.46153846,7,9,9,-2.381461332,-152.818894,-123.3703177,88.68778281,148.5972851,59.90950226,
data/Raw Data Cleaned/Shiyan brush 1.csv,2.076999903,63.76569038,7.866108787,-31.73221757,6,5,6,126.3819801,589.9330993,918.6892526,55.89958159,95.49790795,39.59832636,
data/Raw Data Cleaned/Shiyan brush 1.csv,2.077000141,74.22053232,22.53992395,-42.73764259,7,8,6,20.78033955,-104.1958693,144.4250216,51.68060837,116.9581749,65.27756654,
data/Raw Data Cleaned/Shiyan brush 1.csv,3.468999863,50.67615658,1.423487544,-38.83274021,5,7,6,57.86382863,-31.53464051,87.47003357,49.25266904,89.5088968,40.25622776,
data/Raw Data Cleaned/Shiyan brush 1.csv,2.015000105,52.90491803,33.57377049,-43.38360656,5,8,9,-105.777777,148.1478554,-120.3008743,19.33114754,96.28852459,76.95737705,
data/Raw Data Cleaned/Shiyan brush 1.csv,2.07799983,56.53495441,6.346504559,-40.53495441,7,8,10,84.09032488,-259.5160637,207.4032061,50.18844985,97.06990881,46.88145897,
data/Raw Data Cleaned/Shiyan brush 1.csv,2.077000141,37.88985507,-1.785507246,-25.27536232,6,5,5,99.36898645,338.3968417,17.17339618,39.67536232,63.16521739,23.48985507,
data/Raw Data Cleaned/Shiyan brush 1.csv,2.159999847,52.2826087,-2.47826087,-31.86956522,6,9,8,-9.391563513,-64.15035403,154.3301255,54.76086957,84.15217391,29.39130435,
data/Raw Data Cleaned/Shiyan brush 1.csv,2.078000069,48.18367347,7.448979592,-34.2244898,6,8,8,-9.728416959,63.90932896,-154.6024636,40.73469388,82.40816327,41.67346939,
data/Raw Data Cleaned/Shiyan brush 1.csv,2.075999975,2.767676768,5.595959596,-2.909090909,1,1,1,-4212.973451,3476.016528,1924.947944,-2.828282828,5.676767677,8.505050505,
data/Raw Data Cleaned/Shiyan brush 1.csv,2.078000069,-26.57142857,50.83809524,8.971428571,6,7,6,-55.12842656,31.25272466,422.8603374,-77.40952381,-35.54285714,41.86666667,
data/Raw Data Cleaned/Shiyan brush 1.csv,0.082999945,-1.121140143,2.033254157,1.25415677,0,0,0,0,0,0,-3.154394299,-2.375296912,0.779097387,
data/Raw Data Cleaned/Shiyan brush 2.csv,2.076999903,415.2727273,484.7272727,-305.8181818,5,5,6,668.5208875,-454.3917038,-137.7466675,-69.45454545,721.0909091,790.5454545,
data/Raw Data Cleaned/Shiyan brush 2.csv,2.078000069,429.9574468,-14.46808511,-308.0851064,8,9,9,35.4316634,282.7522725,332.9776363,444.4255319,738.0425532,293.6170213,
data/Raw Data Cleaned/Shiyan brush 2.csv,2.078000069,248.358209,13.13432836,-131.9402985,7,8,7,50.90512805,248.4240384,431.1245179,235.2238806,380.2985075,145.0746269,
data/Raw Data Cleaned/Shiyan brush 2.csv,2.075999975,210.4,83.37777778,-105.1555556,7,8,8,-58.57848841,-326.1246574,-630.2749846,127.0222222,315.5555556,188.5333333,
data/Raw Data Cleaned/Shiyan brush 2.csv,2.421999931,149.8181818,-2.181818182,-103.9272727,6,7,7,126.0201787,302.8747713,-340.6505526,152,253.7454545,101.7454545,
data/Raw Data Cleaned/Shiyan brush 2.csv,2.150000095,139.4545455,24.84848485,-81.15151515,7,9,8,135.8724315,-51.83625264,202.1280112,114.6060606,220.6060606,106,
data/Raw Data Cleaned/Shiyan brush 2.csv,2.076999903,117.6623377,12.72727273,-69.66233766,9,10,9,-59.20629754,-153.4945461,-173.6030223,104.9350649,187.3246753,82.38961039,
data/Raw Data Cleaned/Shiyan brush 2.csv,2.078999996,64.71856287,29.94011976,-27.06586826,4,3,3,112.9781489,400.9784602,563.9352501,34.77844311,91.78443114,57.00598802,
data/Raw Data Cleaned/Shiyan brush 2.csv,2.075999975,112.0418848,21.61256545,-42.47120419,8,8,9,77.34642232,22.7831094,189.1715669,90.42931937,154.513089,64.08376963,
data/Raw Data Cleaned/Shiyan brush 2.csv,2.077000141,81.57746479,16.90140845,-45.9342723,6,6,5,-69.23594947,366.8671763,216.3700891,64.67605634,127.5117371,62.83568075,
data/Raw Data Cleaned/Shiyan brush 2.csv,2.161000013,43.91341991,53.92207792,-27.18614719,6,6,6,213.4909757,456.5027868,429.8982685,-10.00865801,71.0995671,81.10822511,
data/Raw Data Cleaned/Shiyan brush 2.csv,2.075999975,4.75,81.96875,-32.40625,4,5,7,-454.1899185,123.2517274,-270.2001414,-77.21875,37.15625,114.375,
data/Raw Data Cleaned/Shiyan brush 2.csv,0.25,-3.459459459,10.25482625,-4.231660232,0,1,1,168.6748112,-120.482008,192.7712128,-13.71428571,0.772200772,14.48648649,
data/Raw Data Cleaned/Shiyan chin 1.csv,2.075999975,511.6363636,406.5454545,-134.9090909,5,3,6,673.180499,-321.6771991,79.68044828,105.0909091,646.5454545,541.4545455,
data/Raw Data Cleaned/Shiyan chin 1.csv,1.578999996,67.8,341.2,28.2,3,3,5,-1012.498245,499.635614,119.2511178,-273.4,39.6,313,
data/Raw Data Cleaned/Shiyan chin 2.csv,2.144000053,581.76,202.24,-218.24,3,3,6,438.7458731,-237.2297957,12.19779699,379.52,800,420.48,
data/Raw Data Cleaned/Shiyan chin 2.csv,1.911999941,112.8333333,340.8333333,-2,3,6,7,-778.2658193,174.1411512,27.432179,-228,114.8333333,342.8333333,
data/Raw Data Cleaned/Shiyan comb 1.csv,2.075000048,-290.8235294,967.5294118,-184.9411765,2,5,5,-35.0763812,-10.14690112,-54.02683976,-1258.352941,-105.8823529,1152.470588,
data/Raw Data Cleaned/Shiyan comb 1.csv,2.245000124,177.3333333,140.3809524,-228.3809524,4,5,7,423.458929,-507.6081356,-290.31698,36.95238095,405.7142857,368.7619048,
data/Raw Data Cleaned/Shiyan comb 1.csv,0.414999962,53.61702128,-45.95744681,4.936170213,1,0,1,-394.4194323,1581.483665,1122.62829,99.57446809,48.68085106,-50.89361702,
data/Raw Data Cleaned/Shiyan comb 2.csv,2.078000069,334,215.6666667,-417.3333333,5,5,6,325.8721668,-921.6597782,-451.3016071,118.3333333,751.3333333,633,
data/Raw Data Cleaned/Shiyan comb 2.csv,2.07799983,280,-69.87755102,-239.0204082,3,5,6,-328.2450466,864.5793104,158.0896552,349.877551,519.0204082,169.1428571,
data/Raw Data Cleaned/Shiyan comb 2.csv,0.6650002,-79.15789474,152,10.10526316,0,1,1,253.3205307,-685.2288408,209.6308424,-231.1578947,-89.26315789,141.8947368,
data/Raw Data Cleaned/Shiyan draw 1.csv,2.160999775,-287.3333333,909.6666667,-412,7,7,6,-5.074940482,32.92487124,3.840561053,-1197,124.6666667,1321.666667,
data/Raw Data Cleaned/Shiyan draw 1.csv,2.078000069,-149.2765957,425.1914894,-228.7659574,7,7,7,15.49658619,42.08940202,17.20326292,-574.4680851,79.4893617,653.9574468,
data/Raw Data Cleaned/Shiyan draw 1.csv,2.59800005,-50.90909091,130.9090909,-54.98181818,2,3,2,143.7912194,-165.1248513,-680.7697186,-181.8181818,4.072727273,185.8909091,
data/Raw Data Cleaned/Shiyan draw 1.csv,2.305000067,-97.5,284.1,-118.6,6,8,6,3.731182441,-9.968398639,102.202575,-381.6,21.1,402.7,
data/Raw Data Cleaned/Shiyan draw 1.csv,2.076999903,-74.33009709,206.7572816,-72.31067961,8,8,8,-0.252423252,71.86719052,-14.52100263,-281.0873786,-2.019417476,279.0679612,
data/Raw Data Cleaned/Shiyan draw 1.csv,2.078000069,-47.33333333,129.8666667,-46.46666667,4,5,4,-66.58531598,89.53443969,-105.3262901,-177.2,-0.866666667,176.3333333,
data/Raw Data Cleaned/Shiyan draw 1.csv,0.997999907,-28.54545455,85.21212121,-24.60606061,3,3,3,164.0723403,-152.751328,-11.858983,-113.7575758,-3.939393939,109.8181818,
data/Raw Data Cleaned/Shiyan draw 2.csv,2.077000141,-344.6666667,904,-360.3333333,6,8,8,-40.60001027,-63.62367137,-61.86258618,-1248.666667,15.66666667,1264.333333,
data/Raw Data Cleaned/Shiyan draw 2.csv,2.078000069,-171.6521739,435.3043478,-141.5652174,4,7,7,-12.27537919,-192.2857186,-214.7698698,-606.9565217,-30.08695652,576.8695652,
data/Raw Data Cleaned/Shiyan draw 2.csv,2.076999903,-109.6615385,265.1076923,-79.26153846,5,6,4,68.48198217,69.65235772,-12.56318155,-374.7692308,-30.4,344.3692308,
data/Raw Data Cleaned/Shiyan draw 2.csv,2.078000069,-90.54545455,240.0909091,-77.45454545,6,7,6,2.684601335,-47.15253118,46.83565727,-330.6363636,-13.09090909,317.5454545,
data/Raw Data Cleaned/Vijay brush 1.csv,2.063000202,159.1578947,777.2631579,-480,4,4,5,47.4510573,559.8797115,359.0494157,-618.1052632,639.1578947,1257.263158,
data/Raw Data Cleaned/Vijay brush 1.csv,2.076999903,212.4,449.2,-201.4,6,6,7,-92.27694048,-577.9590286,-936.8653923,-236.8,413.8,650.6,
data/Raw Data Cleaned/Vijay brush 1.csv,2.578999996,141.7142857,-43.59183673,-42.12244898,2,2,3,-310.4868781,929.6924314,-2326.871093,185.3061224,183.8367347,-1.469387755,
data/Raw Data Cleaned/Vijay brush 1.csv,2.071000099,250.5142857,29.02857143,-113.1428571,8,8,8,28.87033404,-394.1219973,-978.3570769,221.4857143,363.6571429,142.1714286,
data/Raw Data Cleaned/Vijay brush 1.csv,2.07799983,206.7956989,-36.90322581,-74.58064516,8,7,8,-81.11505022,108.9489541,-987.5941677,243.6989247,281.3763441,37.67741935,
data/Raw Data Cleaned/Vijay brush 1.csv,2.075999975,141.7657658,-1.873873874,-50.66666667,6,6,6,-209.4770463,-208.5900218,-618.4692176,143.6396396,192.4324324,48.79279279,
data/Raw Data Cleaned/Vijay brush 1.csv,2.076000214,162.1176471,-12.52941176,-61.94117647,8,9,8,-76.23879499,-2.112072314,35.59294524,174.6470588,224.0588235,49.41176471,
data/Raw Data Cleaned/Vijay brush 1.csv,2.076999903,115.9745223,25.88535032,-52.12738854,8,8,8,431.2015601,526.4847524,450.0799959,90.08917197,168.1019108,78.01273885,
data/Raw Data Cleaned/Vijay brush 1.csv,2.075000048,75.19075145,16.92485549,-37.87283237,6,5,6,-189.4014648,-153.1781361,-463.5165013,58.26589595,113.0635838,54.79768786,
data/Raw Data Cleaned/Vijay brush 1.csv,2.076999903,101.1428571,14.6122449,-49.14285714,7,7,7,80.40283308,-36.0608083,152.5221361,86.53061224,150.2857143,63.75510204,
data/Raw Data Cleaned/Vijay brush 1.csv,2.33100009,85.85185185,-13.7037037,-5.592592593,7,7,7,-87.51652554,-74.02683345,463.2610063,99.55555556,91.44444444,-8.111111111,
data/Raw Data Cleaned/Vijay brush 1.csv,2.069999933,75.18644068,6.169491525,-25.25423729,6,6,6,56.45684261,274.2652266,170.8692307,69.01694915,100.440678,31.42372881,
data/Raw Data Cleaned/Vijay brush 1.csv,2.161000013,77.53846154,31.66153846,-28.4,8,8,7,-398.3071086,-588.9777749,-296.1329971,45.87692308,105.9384615,60.06153846,
data/Raw Data Cleaned/Vijay brush 1.csv,2.55099988,30.37037037,13.3037037,-13.6,3,3,3,818.5319151,553.2859883,-506.8174969,17.06666667,43.97037037,26.9037037,
data/Raw Data Cleaned/Vijay brush 1.csv,2.015000105,59.42068966,-2.317241379,-30.15172414,6,5,6,-358.2054205,95.819507,-1108.966258,61.73793103,89.57241379,27.83448276,
data/Raw Data Cleaned/Vijay brush 1.csv,2.076999903,67.59235669,8.789808917,-24.12738854,8,6,8,-382.4184633,-219.0815937,-1082.354198,58.80254777,91.71974522,32.91719745,
data/Raw Data Cleaned/Vijay brush 1.csv,2.075000048,41.93353474,4.422960725,-19.52870091,4,4,6,-242.8600394,116.485137,-638.0756442,37.51057402,61.46223565,23.95166163,
data/Raw Data Cleaned/Vijay brush 1.csv,2.075999975,58.13483146,21.30337079,-23.48314607,9,8,8,15.70366892,252.0676949,89.27335789,36.83146067,81.61797753,44.78651685,
data/Raw Data Cleaned/Vijay brush 1.csv,2.078999996,44.26525199,7.045092838,-21.75066313,7,7,6,-350.4320905,-678.950317,498.6886179,37.22015915,66.01591512,28.79575597,
data/Raw Data Cleaned/Vijay brush 1.csv,0.246999979,6.484210526,2.210526316,-2.042105263,1,1,0,504.3384424,-7.330182425,204.2213997,4.273684211,8.526315789,4.252631579,
data/Raw Data Cleaned/Vijay brush 2.csv,2.120000124,21.71428571,842.6666667,-65.9047619,5,4,3,-83.36222643,-218.8138324,-579.4021505,-820.952381,87.61904762,908.5714286,
data/Raw Data Cleaned/Vijay brush 2.csv,2.032999992,-138.3636364,474.5454545,204,2,7,6,-350.9572296,132.3321786,-452.1565574,-612.9090909,-342.3636364,270.5454545,
data/Raw Data Cleaned/Vijay brush 2.csv,0.580999851,-24.31372549,130.3529412,74.98039216,1,0,2,823.028719,405.3218005,1058.177145,-154.6666667,-99.29411765,55.37254902,
data/Raw Data Cleaned/Vijay brush 3.csv,2.075999975,770,354.4,-254,7,5,7,-62.72784591,-344.4562443,-2366.426383,415.6,1024,608.4,
data/Raw Data Cleaned/Vijay brush 3.csv,2.075999975,487.2888889,18.31111111,-195.3777778,9,8,9,182.8573494,-120.2181114,584.8024413,468.9777778,682.6666667,213.6888889,
data/Raw Data Cleaned/Vijay brush 3.csv,2.001999855,172.1428571,-48,-60,3,4,3,-824.7627338,-1709.475211,-637.4417154,220.1428571,232.1428571,12,
data/Raw Data Cleaned/Vijay brush 3.csv,2.065999985,208.3037975,-119.7974684,-114.835443,8,8,7,-269.894746,-116.4675592,-813.6345583,328.1012658,323.1392405,-4.962025316,
data/Raw Data Cleaned/Vijay brush 3.csv,2.076000214,160.969697,87.19191919,-58.26262626,7,7,7,-256.1113427,-119.7922544,320.9984457,73.77777778,219.2323232,145.4545455,
data/Raw Data Cleaned/Vijay brush 3.csv,2.075999975,128.137931,72.55172414,-40.34482759,5,5,5,201.534909,282.5869202,716.1602614,55.5862069,168.4827586,112.8965517,
data/Raw Data Cleaned/Vijay brush 3.csv,2.075999975,140.5467626,21.12230216,-53.17985612,8,7,9,101.2930915,-43.37155376,-687.8491275,119.4244604,193.7266187,74.30215827,
data/Raw Data Cleaned/Vijay brush 3.csv,2.700999975,120.4417178,45.54601227,-46.62576687,9,9,9,16.37092203,64.2036474,145.1169798,74.89570552,167.0674847,92.17177914,
data/Raw Data Cleaned/Vijay brush 3.csv,2.032000065,99.45945946,-9.210810811,-57.9027027,8,8,7,-191.9874203,-337.5590625,262.9344272,108.6702703,157.3621622,48.69189189,
data/Raw Data Cleaned/Vijay brush 3.csv,2.075999975,82.26923077,46.69230769,-41.65384615,9,9,6,34.5232864,549.8819248,-30.53496447,35.57692308,123.9230769,88.34615385,
data/Raw Data Cleaned/Vijay brush 3.csv,2.64199996,38.56880734,12,-17.50458716,3,3,4,294.4533733,289.1932597,-4.390294457,26.56880734,56.0733945,29.50458716,
data/Raw Data Cleaned/Vijay brush 3.csv,2.006999969,66.75630252,6.084033613,-43.12605042,7,5,7,-143.5248224,103.9639953,-462.959898,60.67226891,109.8823529,49.21008403,
data/Raw Data Cleaned/Vijay brush 3.csv,2.076999903,72.09125475,-24.82129278,-38.57034221,9,9,9,608.0379934,88.73698199,1021.044266,96.91254753,110.661597,13.74904943,
data/Raw Data Cleaned/Vijay brush 3.csv,2.630000114,34.59854015,9.284671533,-15.88321168,3,3,3,386.1709372,380.1196352,1649.066262,25.31386861,50.48175182,25.16788321,
data/Raw Data Cleaned/Vijay brush 3.csv,2.019000053,60.98983051,0.433898305,-31.3220339,8,7,8,151.1704992,-279.0130255,911.059179,60.5559322,92.31186441,31.7559322,
data/Raw Data Cleaned/Vijay brush 3.csv,2.075999975,60.68965517,18.15673981,-36.78996865,8,9,8,277.3696981,428.08967,463.9331951,42.53291536,97.47962382,54.94670846,
data/Raw Data Cleaned/Vijay brush 3.csv,0.829999924,21.90243902,10.51219512,-12.87804878,4,4,3,235.7794848,133.9691053,276.4884167,11.3902439,34.7804878,23.3902439,
data/Raw Data Cleaned/Vijay chin 1.csv,2,13.05263158,283.3684211,-720,3,4,5,103.9175,-622.0137493,886.1532975,-270.3157895,733.0526316,1003.368421,
data/Raw Data Cleaned/Vijay chin 1.csv,2.076000214,-68.57142857,169.3333333,-448.7619048,6,4,6,-80.20541568,33.08719364,106.5708519,-237.9047619,380.1904762,618.0952381,
data/Raw Data Cleaned/Vijay chin 1.csv,0.742999792,42.6122449,105.7959184,-13.06122449,1,0,1,1678.218044,-473.1906104,1657.16762,-63.18367347,55.67346939,118.8571429,
data/Raw Data Cleaned/Vijay chn 2.csv,2.07400012,-74.90909091,423.2727273,-665.4545455,4,4,4,609.6235106,54.92270239,533.1589271,-498.1818182,590.5454545,1088.727273,
data/Raw Data Cleaned/Vijay chn 2.csv,2.076999903,67.13043478,192.3478261,-366.2608696,4,4,6,-532.1112859,70.57420497,-336.5881495,-125.2173913,433.3913043,558.6086957,
data/Raw Data Cleaned/Vijay chn 2.csv,2.32400012,112.5,172.875,-82.25,2,4,4,-175.5277249,-109.1043026,-223.4611062,-60.375,194.75,255.125,
data/Raw Data Cleaned/Vijay chn 2.csv,2.075999975,49.39534884,146.0465116,-123.1627907,3,2,5,515.9736451,65.16363281,346.2768975,-96.65116279,172.5581395,269.2093023,
data/Raw Data Cleaned/Vijay chn 2.csv,3.71999979,1.688073394,118.8256881,-154.0550459,3,5,4,38.83946584,-10.85024503,6.123446686,-117.1376147,155.7431193,272.8807339,
data/Raw Data Cleaned/Vijay chn 2.csv,2.094000101,-5.395348837,79.81395349,-119.751938,1,4,3,-583.8430617,5.639917403,-338.9548318,-85.20930233,114.3565891,199.5658915,
data/Raw Data Cleaned/Vijay chn 2.csv,2.075999975,93.92207792,92.15584416,-11.68831169,3,4,6,297.0028913,21.56951992,0.131134525,1.766233766,105.6103896,103.8441558,
data/Raw Data Cleaned/Vijay chn 2.csv,2.558000088,-10.04878049,40.97560976,-52.68292683,1,2,3,-462.8571562,151.4882176,-119.1160069,-51.02439024,42.63414634,93.65853659,
data/Raw Data Cleaned/Vijay chn 2.csv,2.009000063,43.32240437,51.36612022,-36.19672131,2,4,4,-290.2485768,-199.0029118,-335.6004519,-8.043715847,79.51912568,87.56284153,
data/Raw Data Cleaned/Vijay chn 2.csv,0.415999889,-7.446808511,13.87234043,-22.55319149,0,1,1,10.14533093,11.25266936,12.60185271,-21.31914894,15.10638298,36.42553191,
data/Raw Data Cleaned/Vijay comb 1.csv,2.243000031,-169.28,603.84,-718.08,4,7,7,165.6290265,-21.65383346,-41.08565081,-773.12,548.8,1321.92,
data/Raw Data Cleaned/Vijay comb 1.csv,2.078999996,371,68.16666667,-202.8333333,3,3,4,-75.42069809,-23.50962344,-104.6076367,302.8333333,573.8333333,271,
data/Raw Data Cleaned/Vijay comb 1.csv,2.006000042,73.66037736,-13.73584906,-33.35849057,1,0,1,517.4993006,-2305.220336,2080.89659,87.39622642,107.0188679,19.62264151,
data/Raw Data Cleaned/Vijay comb 1.csv,2.059000015,76.77922078,-282.3896104,-61.81818182,2,3,4,55.87197875,-251.0888542,370.5686659,359.1688312,138.5974026,-220.5714286,
data/Raw Data Cleaned/Vijay comb 1.csv,2.076999903,132.9411765,-78.66666667,-153.4117647,3,3,4,116.8430239,335.5188803,-164.6383877,211.6078431,286.3529412,74.74509804,
data/Raw Data Cleaned/Vijay comb 1.csv,2.076000214,104.0677966,4.13559322,-75.11864407,2,3,4,7.480696767,-545.5835547,2.364725121,99.93220339,179.1864407,79.25423729,
data/Raw Data Cleaned/Vijay comb 1.csv,2.075999975,83.77142857,-84.57142857,-90.8,4,3,6,-371.6489493,-183.4157727,-79.91134607,168.3428571,174.5714286,6.228571429,
data/Raw Data Cleaned/Vijay comb 1.csv,2.075999975,33.35757576,-134.5939394,-50.66666667,4,5,4,71.91570321,68.05989934,108.7112096,167.9515152,84.02424242,-83.92727273,
data/Raw Data Cleaned/Vijay comb 1.csv,2.075999975,45.55191257,-59.32240437,-24.78688525,4,3,3,378.8393747,1098.066314,-77.80343618,104.8743169,70.33879781,-34.53551913,
data/Raw Data Cleaned/Vijay comb 1.csv,2.076999903,34.3804878,50.8097561,-90.77073171,2,3,4,-37.06512825,-431.7920524,-273.5142775,-16.42926829,125.1512195,141.5804878,
data/Raw Data Cleaned/Vijay comb 1.csv,10.64900017,8.152380952,11.00952381,-21.18095238,0,0,1,-372.3461729,1831.32666,2095.52635,-2.857142857,29.33333333,32.19047619,
data/Raw Data Cleaned/Vijay comb 1.csv,2.055999994,47.65217391,16,-28.03478261,3,1,3,384.979284,-837.4317327,57.32985761,31.65217391,75.68695652,44.03478261,
data/Raw Data Cleaned/Vijay comb 1.csv,2.075999975,64.75889328,-15.84189723,-38.48221344,4,4,4,-99.16265931,71.4183388,-80.45402825,80.60079051,103.2411067,22.64031621,
data/Raw Data Cleaned/Vijay comb 1.csv,2.075999975,48.61313869,-35.59124088,-38.0729927,3,3,4,-309.7250656,-108.4872107,33.69381562,84.20437956,86.68613139,2.481751825,
data/Raw Data Cleaned/Vijay comb 1.csv,2.075999975,24.996633,-63.38047138,-20.30976431,4,2,4,203.6810453,73.46167313,-242.9820928,88.37710438,45.30639731,-43.07070707,
data/Raw Data Cleaned/Vijay comb 1.csv,2.496000051,32.63091483,-32.63091483,-18.57413249,2,2,3,-118.8014767,96.64830401,-112.4594112,65.26182965,51.20504732,-14.05678233,
data/Raw Data Cleaned/Vijay comb 1.csv,2.237999916,36.28070175,-48.02339181,-26.1754386,3,4,4,-64.99160956,36.79582926,-73.19263048,84.30409357,62.45614035,-21.84795322,
data/Raw Data Cleaned/Vijay comb 1.csv,2.15899992,40.95912807,-26.63760218,-27.37874659,3,1,4,356.2849134,467.4068265,-170.1709371,67.59673025,68.33787466,0.741144414,
data/Raw Data Cleaned/Vijay comb 1.csv,42.8210001,11.98933333,-0.96,-15.01866667,1,0,1,-1013.390578,450.8172417,-231.5923572,12.94933333,27.008,14.05866667,
data/Raw Data Cleaned/Vijay comb 1.csv,2.058000088,17.24937028,11.86901763,-37.07808564,3,3,6,410.5048192,-182.7767243,164.2982478,5.380352645,54.32745592,48.94710327,
data/Raw Data Cleaned/Vijay comb 1.csv,2.075999975,38.25592417,-31.01421801,-18.46445498,4,3,5,-186.4112002,-355.357845,-132.1990212,69.27014218,56.72037915,-12.54976303,
data/Raw Data Cleaned/Vijay comb 1.csv,2.075999975,12.57665904,-27.25858124,-4.100686499,0,1,3,136.2381635,-580.3280126,350.0756608,39.83524027,16.67734554,-23.15789474,
data/Raw Data Cleaned/Vijay comb 1.csv,2.075999975,34.75921909,-7.861171367,-27.05422993,3,3,4,134.0448651,339.3862751,-221.5869444,42.62039046,61.81344902,19.19305857,
data/Raw Data Cleaned/Vijay comb 1.csv,2.080999851,22.1563786,-28.85596708,-11.22633745,3,3,4,-4.608145071,722.5590598,174.0708924,51.01234568,33.38271605,-17.62962963,
data/Raw Data Cleaned/Vijay comb 1.csv,2.072000027,-7.107569721,3.553784861,-30.2310757,3,3,4,-369.5052472,-375.4433647,-36.63411422,-10.66135458,23.12350598,33.78486056,
data/Raw Data Cleaned/Vijay comb 1.csv,1.246000051,-8.093385214,5.40077821,-22.07003891,1,2,4,-94.31444125,-81.41757289,24.93326163,-13.49416342,13.9766537,27.47081712,
data/Raw Data Cleaned/Vijay comb 2.csv,2.154000044,175.6363636,176.7272727,-935.2727273,3,2,7,54.69388829,247.5181513,292.4100862,-1.090909091,1110.909091,1112,
data/Raw Data Cleaned/Vijay comb 2.csv,2.078000069,-170.5531915,239.8297872,-296.5106383,6,4,6,-637.6033682,-215.2678166,57.26422691,-410.3829787,125.9574468,536.3404255,
data/Raw Data Cleaned/Vijay comb 2.csv,2.076999903,-117.0526316,76.77192982,-78.03508772,3,2,2,-191.3646779,-572.2336875,-260.3657539,-193.8245614,-39.01754386,154.8070175,
data/Raw Data Cleaned/Vijay comb 2.csv,2.078999996,-150.0246914,91.95061728,-171.9506173,2,5,6,537.7885324,69.03222482,-315.5074102,-241.9753086,21.92592593,263.9012346,
data/Raw Data Cleaned/Vijay comb 2.csv,2.077000141,-66.30769231,122.6153846,-142.6153846,5,4,3,103.4404138,13.00015207,-281.6611527,-188.9230769,76.30769231,265.2307692,
data/Raw Data Cleaned/Vijay comb 2.csv,2.07799983,-33.04918033,73.96721311,-82.36065574,5,3,4,50.76899038,442.8395541,1021.409795,-107.0163934,49.31147541,156.3278689,
data/Raw Data Cleaned/Vijay comb 2.csv,2.078000069,-39.38888889,132.5,47,4,5,3,15.07010749,-131.9835683,-380.5809677,-171.8888889,-86.38888889,85.5,
data/Raw Data Cleaned/Vijay comb 2.csv,3.634000063,-92.55757576,44.99393939,-18.32727273,6,4,5,518.9651578,526.2712698,666.6022668,-137.5515152,-74.23030303,63.32121212,
data/Raw Data Cleaned/Vijay comb 2.csv,2.01699996,15.01604278,98.18181818,-27.59358289,3,2,1,-144.9115017,-76.07092804,253.4110593,-83.1657754,42.60962567,125.7754011,
data/Raw Data Cleaned/Vijay comb 2.csv,2.076999903,11.0531401,81.66183575,-27.67149758,4,4,3,159.8191018,0.43389446,-932.6056124,-70.60869565,38.72463768,109.3333333,
data/Raw Data Cleaned/Vijay comb 2.csv,15.95300007,7.082568807,29.28440367,-40.25688073,1,2,0,65.51337281,-1101.181816,-285.9868635,-22.20183486,47.33944954,69.5412844,
data/Raw Data Cleaned/Vijay comb 2.csv,2.078000069,14.12765957,-3.744680851,-72.06808511,3,2,5,37.75142555,47.23737665,36.44861218,17.87234043,86.19574468,68.32340426,
data/Raw Data Cleaned/Vijay comb 2.csv,2.07799983,25.75384615,20.89230769,-66.73846154,3,4,4,-51.04493822,-103.3842766,-469.7915537,4.861538462,92.49230769,87.63076923,
data/Raw Data Cleaned/Vijay comb 2.csv,536.072,3.176895307,16.37545126,-39.50902527,2,3,3,-57.31252355,638.9634715,359.2526099,-13.19855596,42.68592058,55.88447653,
data/Raw Data Cleaned/Vijay comb 2.csv,2.061000109,49.89333333,35.33333333,-14.85333333,5,3,5,261.3483395,-578.0887517,165.6621837,14.56,64.74666667,50.18666667,
data/Raw Data Cleaned/Vijay comb 2.csv,2.076999903,55.28173375,2.40247678,-28.60681115,3,4,7,72.62827348,-212.9118642,74.70641566,52.87925697,83.88854489,31.00928793,
data/Raw Data Cleaned/Vijay comb 2.csv,0.664999962,19.74622356,-5.80060423,-10.48942598,1,0,2,-96.22157921,1885.771797,-499.0073403,25.54682779,30.23564955,4.688821752,
data/Raw Data Cleaned/Vijay draw 1.csv,2.062000036,287.68,468.8,-741.44,5,4,5,30.32436949,126.8682802,411.2860751,-181.12,1029.12,1210.24,
data/Raw Data Cleaned/Vijay draw 1.csv,2.075000048,75.26530612,328.9795918,-373.5510204,5,5,6,27.99172002,-141.5824503,-154.0097667,-253.7142857,448.8163265,702.5306122,
data/Raw Data Cleaned/Vijay draw 1.csv,44.88100004,33.37931034,108.9655172,-99.5862069,1,2,2,289.8912005,403.5853632,1109.298667,-75.5862069,132.9655172,208.5517241,
data/Raw Data Cleaned/Vijay draw 1.csv,2.076999903,43.45679012,50.27160494,-239.8024691,4,5,6,-214.6356722,-574.8081814,-492.0729371,-6.814814815,283.2592593,290.0740741,
data/Raw Data Cleaned/Vijay draw 1.csv,2.078000069,8.076923077,-15.23076923,-228.6153846,6,2,6,-49.02532937,-26.92375243,-18.72739531,23.30769231,236.6923077,213.3846154,
data/Raw Data Cleaned/Vijay draw 1.csv,2.075999975,12,72.6557377,-121.9672131,4,3,5,52.17683847,533.8717381,178.8617498,-60.6557377,133.9672131,194.6229508,
data/Raw Data Cleaned/Vijay draw 1.csv,2.075999975,10.55555556,83.05555556,-132.3888889,4,5,4,-51.68445183,-64.79513802,35.94919764,-72.5,142.9444444,215.4444444,
data/Raw Data Cleaned/Vijay draw 1.csv,2.669000149,4.167664671,79.37724551,-114.8263473,4,4,4,-51.8135451,46.89551037,-41.17712406,-75.20958084,118.994012,194.2035928,
data/Raw Data Cleaned/Vijay draw 1.csv,2.064999819,2.429319372,70.70157068,-107.0994764,4,5,5,24.58583174,118.4220254,-35.72510114,-68.27225131,109.5287958,177.8010471,
data/Raw Data Cleaned/Vijay draw 1.csv,2.325000048,13.85185185,69.85185185,-90.77777778,4,5,5,-51.2408231,-44.24626949,0.357306187,-56,104.6296296,160.6296296,
data/Raw Data Cleaned/Vijay draw 1.csv,23.66499996,5.25,21.57142857,-28.14285714,1,1,1,281.019201,335.9657069,306.8534311,-16.32142857,33.39285714,49.71428571,
data/Raw Data Cleaned/Vijay draw 1.csv,2.077000141,20.75502008,66.15261044,-74.37751004,7,5,6,44.41549245,-226.7613556,-139.7300086,-45.39759036,95.13253012,140.5301205,
data/Raw Data Cleaned/Vijay draw 1.csv,2.075999975,17.15129151,40.05904059,-70.1402214,2,5,6,-79.34301972,-53.24978326,9.214094319,-22.90774908,87.29151292,110.199262,
data/Raw Data Cleaned/Vijay draw 1.csv,2.701999903,3.584229391,9.318996416,-26.83870968,1,2,1,282.7025435,790.575693,193.1065342,-5.734767025,30.42293907,36.15770609,
data/Raw Data Cleaned/Vijay draw 1.csv,2.029999971,15.46666667,44,-54.66666667,5,5,5,21.45683895,43.17789617,35.81121048,-28.53333333,70.13333333,98.66666667,
data/Raw Data Cleaned/Vijay draw 1.csv,2.075999975,15.70186335,44.94409938,-50.23602484,4,5,6,20.8183736,75.59322625,14.31188604,-29.24223602,65.9378882,95.18012422,
data/Raw Data Cleaned/Vijay draw 1.csv,2.641000032,6.942942943,23.08708709,-22.75075075,2,2,2,-278.340168,-0.487323282,149.9824031,-16.14414414,29.69369369,45.83783784,
data/Raw Data Cleaned/Vijay draw 1.csv,2.00999999,8.876404494,42.04494382,-48.26966292,3,6,6,269.1633284,29.89373382,32.79928927,-33.16853933,57.14606742,90.31460674,
data/Raw Data Cleaned/Vijay draw 1.csv,2.075999975,9.082228117,31.29973475,-46.68435013,4,4,5,-49.73680155,40.09930309,271.1259756,-22.21750663,55.76657825,77.98408488,
data/Raw Data Cleaned/Vijay draw 1.csv,2.076000214,8.812182741,25.54314721,-35.20812183,4,3,3,14.5996956,-107.4495847,-272.8621749,-16.73096447,44.02030457,60.75126904,
data/Raw Data Cleaned/Vijay draw 1.csv,2.076999903,10.17661098,43.66587112,-40,3,6,5,-11.54710718,95.05054146,80.02297389,-33.48926014,50.17661098,83.66587112,
data/Raw Data Cleaned/Vijay draw 1.csv,1.661000013,8.365296804,27.70776256,-32.51141553,5,3,3,39.5354303,-109.764342,-44.08383061,-19.34246575,40.87671233,60.21917808,
